"year","doy","hour","min","zen","direct_n","qc_direct_n","diffuse","qc_diffuse","par","qc_par","temp","qc_temp","rh","qc_rh","windspeed","qc_windspeed","pressure","qc_pressure"
2021,1,0,0,105.03,0,0,-0.1,0,0,0,-2.2,0,84.7,0,4.2,0,1000.1,0
2021,1,0,1,105.21,0,0,-0.2,0,0,0,-2.2,0,84.4,0,5.5,0,1000.1,0
2021,1,0,2,105.39,0,0,-0.4,0,0,0,-2.2,0,84.6,0,5.1,0,1000,0
2021,1,0,3,105.58,0,0,-0.4,0,0,0,-2.2,0,83.6,0,5.6,0,1000,0
2021,1,0,4,105.76,0,0,-0.4,0,0,0,-2.3,0,84.5,0,3.8,0,1000,0
2021,1,0,5,105.94,0,0,-0.4,0,0,0,-2.2,0,84.7,0,3.6,0,1000,0
2021,1,0,6,106.13,0,0,-0.4,0,0,0,-2.3,0,84.2,0,4.3,0,1000,0
2021,1,0,7,106.31,0.1,0,-0.4,0,0,0,-2.3,0,83.6,0,4.8,0,1000,0
2021,1,0,8,106.49,0,0,-0.4,0,0,0,-2.3,0,83.9,0,5.4,0,1000,0
2021,1,0,9,106.68,0,0,-0.4,0,0,0,-2.4,0,84,0,5.4,0,1000.1,0
2021,1,0,10,106.86,0.1,0,-0.4,0,0,0,-2.4,0,83.5,0,5.3,0,1000.1,0
2021,1,0,11,107.04,0.2,0,-0.4,0,0,0,-2.5,0,83.6,0,4.6,0,1000.1,0
2021,1,0,12,107.23,0.3,0,-0.4,0,0,0,-2.5,0,83.5,0,4.6,0,1000.1,0
2021,1,0,13,107.41,0.4,0,-0.4,0,0,0,-2.5,0,83.2,0,5.2,0,1000.1,0
2021,1,0,14,107.6,0.4,0,-0.4,0,0,0,-2.5,0,83.1,0,5.6,0,1000.1,0
2021,1,0,15,107.78,0.4,0,-0.4,0,0,0,-2.5,0,82.9,0,4.9,0,1000,0
2021,1,0,16,107.96,0.4,0,-0.4,0,0,0,-2.5,0,83,0,4.3,0,1000,0
2021,1,0,17,108.15,0.4,0,-0.4,0,0,0,-2.5,0,82.8,0,4.7,0,1000,0
2021,1,0,18,108.33,0.4,0,-0.4,0,0,0,-2.6,0,83.3,0,4.9,0,1000,0
2021,1,0,19,108.52,0.4,0,-0.4,0,0,0,-2.5,0,83.6,0,4.7,0,1000,0
2021,1,0,20,108.7,0.4,0,-0.4,0,0,0,-2.6,0,83.5,0,4.7,0,1000,0
2021,1,0,21,108.89,0.3,0,-0.4,0,0,0,-2.6,0,83.9,0,3.3,0,1000,0
2021,1,0,22,109.07,0.2,0,-0.4,0,0,0,-2.6,0,84,0,3.5,0,999.9,0
2021,1,0,23,109.26,0.1,0,-0.4,0,0,0,-2.6,0,83.7,0,4.3,0,999.9,0
2021,1,0,24,109.44,0.1,0,-0.4,0,0,0,-2.6,0,83.7,0,3.7,0,999.8,0
2021,1,0,25,109.63,0,0,-0.4,0,0,0,-2.6,0,84,0,4,0,999.8,0
2021,1,0,26,109.82,0,0,-0.4,0,0,0,-2.6,0,83.9,0,4.2,0,999.8,0
2021,1,0,27,110,0,0,-0.4,0,0,0,-2.6,0,84,0,4.5,0,999.8,0
2021,1,0,28,110.19,0.1,0,-0.4,0,0,0,-2.6,0,84.5,0,3.9,0,999.9,0
2021,1,0,29,110.37,0.1,0,-0.4,0,0,0,-2.6,0,84.4,0,4.6,0,999.9,0
2021,1,0,30,110.56,0.1,0,-0.4,0,0,0,-2.6,0,83.8,0,4.5,0,999.9,0
2021,1,0,31,110.75,0.3,0,-0.4,0,0,0,-2.6,0,83.9,0,4.2,0,999.8,0
2021,1,0,32,110.93,0.3,0,-0.4,0,0,0,-2.6,0,84.2,0,4.4,0,999.8,0
2021,1,0,33,111.12,0.4,0,-0.4,0,0,0,-2.6,0,84.4,0,5.4,0,999.8,0
2021,1,0,34,111.3,0.4,0,-0.4,0,0,0,-2.6,0,84.3,0,5.9,0,999.8,0
2021,1,0,35,111.49,0.4,0,-0.4,0,0,0,-2.6,0,84,0,5.9,0,999.7,0
2021,1,0,36,111.68,0.4,0,-0.4,0,0,0,-2.6,0,84,0,6.5,0,999.7,0
2021,1,0,37,111.87,0.3,0,-0.4,0,0,0,-2.6,0,84.2,0,6,0,999.7,0
2021,1,0,38,112.05,0.3,0,-0.4,0,0,0,-2.6,0,84.4,0,6.1,0,999.7,0
2021,1,0,39,112.24,0.2,0,-0.4,0,0,0,-2.6,0,84.5,0,5.6,0,999.6,0
2021,1,0,40,112.43,0.3,0,-0.4,0,0,0,-2.7,0,84.7,0,6.1,0,999.7,0
2021,1,0,41,112.61,0.2,0,-0.4,0,0,0,-2.7,0,84.2,0,5.8,0,999.7,0
2021,1,0,42,112.8,0.3,0,-0.4,0,0,0,-2.6,0,84.3,0,5.3,0,999.7,0
2021,1,0,43,112.99,0.3,0,-0.4,0,0,0,-2.6,0,84.2,0,5.5,0,999.8,0
2021,1,0,44,113.18,0.3,0,-0.4,0,0,0,-2.6,0,84,0,4.9,0,999.9,0
2021,1,0,45,113.36,0.2,0,-0.4,0,0,0,-2.7,0,84.4,0,4.5,0,1000,0
2021,1,0,46,113.55,0.2,0,-0.4,0,0,0,-2.7,0,84.3,0,3.6,0,1000,0
2021,1,0,47,113.74,0.2,0,-0.4,0,0,0,-2.7,0,84.4,0,4.2,0,1000,0
2021,1,0,48,113.93,0.2,0,-0.4,0,0,0,-2.7,0,84.5,0,3.7,0,999.9,0
2021,1,0,49,114.11,0.1,0,-0.4,0,0,0,-2.7,0,84.6,0,4.3,0,999.9,0
2021,1,0,50,114.3,0,0,-0.4,0,0,0,-2.7,0,84.8,0,3.5,0,999.9,0
2021,1,0,51,114.49,0,0,-0.4,0,0,0,-2.7,0,84.9,0,3.5,0,999.8,0
2021,1,0,52,114.68,0.1,0,-0.4,0,0,0,-2.7,0,85,0,5.5,0,999.8,0
2021,1,0,53,114.87,0.1,0,-0.4,0,0,0,-2.7,0,85.3,0,5.6,0,999.8,0
2021,1,0,54,115.06,0.2,0,-0.4,0,0,0,-2.7,0,85.4,0,6,0,999.8,0
2021,1,0,55,115.24,0.3,0,-0.4,0,0,0,-2.7,0,85.5,0,5.5,0,999.8,0
2021,1,0,56,115.43,0.3,0,-0.4,0,0,0,-2.7,0,85.8,0,5.3,0,999.8,0
2021,1,0,57,115.62,0.4,0,-0.4,0,0,0,-2.7,0,85.9,0,4.6,0,999.9,0
2021,1,0,58,115.81,0.4,0,-0.4,0,0,0,-2.7,0,86.2,0,4,0,1000.1,0
2021,1,0,59,116,0.3,0,-0.4,0,0,0,-2.7,0,86,0,4.2,0,1000.2,0
2021,1,1,0,116.19,0.2,0,-0.4,0,0,0,-2.7,0,86,0,5.2,0,1000.3,0
2021,1,1,1,116.38,0.1,0,-0.4,0,0,0,-2.7,0,85.8,0,5.2,0,1000.4,0
2021,1,1,2,116.57,0.1,0,-0.4,0,0,0,-2.7,0,85.5,0,5,0,1000.4,0
2021,1,1,3,116.76,0.1,0,-0.4,0,0,0,-2.7,0,85.4,0,5.1,0,1000.4,0
2021,1,1,4,116.94,0.1,0,-0.4,0,0,0,-2.7,0,85.4,0,4.5,0,1000.3,0
2021,1,1,5,117.13,0.2,0,-0.4,0,0,0,-2.7,0,85.3,0,4.8,0,1000.3,0
2021,1,1,6,117.32,0.1,0,-0.4,0,0,0,-2.7,0,85.2,0,3.9,0,1000.4,0
2021,1,1,7,117.51,0.1,0,-0.4,0,0,0,-2.7,0,85.5,0,5.5,0,1000.4,0
2021,1,1,8,117.7,0.2,0,-0.4,0,0,0,-2.7,0,85.7,0,5.5,0,1000.4,0
2021,1,1,9,117.89,0.3,0,-0.4,0,0,0,-2.7,0,86.2,0,5.8,0,1000.4,0
2021,1,1,10,118.08,0.3,0,-0.4,0,0,0,-2.8,0,86.4,0,5.7,0,1000.3,0
2021,1,1,11,118.27,0.3,0,-0.4,0,0,0,-2.8,0,86.4,0,6.2,0,1000.3,0
2021,1,1,12,118.46,0.4,0,-0.4,0,0,0,-2.8,0,86.4,0,6.3,0,1000.3,0
2021,1,1,13,118.65,0.3,0,-0.4,0,0,0,-2.9,0,86.8,0,5,0,1000.2,0
2021,1,1,14,118.84,0.2,0,-0.4,0,0,0,-2.8,0,86.7,0,4.6,0,1000.2,0
2021,1,1,15,119.03,0.1,0,-0.4,0,0,0,-2.9,0,86.4,0,4.5,0,1000.2,0
2021,1,1,16,119.22,0,0,-0.4,0,0,0,-2.9,0,86.2,0,4.7,0,1000.2,0
2021,1,1,17,119.41,0,0,-0.4,0,0,0,-2.9,0,86.1,0,4.3,0,1000.2,0
2021,1,1,18,119.6,0,0,-0.4,0,0,0,-3,0,86.1,0,4.5,0,1000.1,0
2021,1,1,19,119.79,0,0,-0.4,0,0,0,-3,0,86,0,4.4,0,1000.1,0
2021,1,1,20,119.98,0,0,-0.4,0,0,0,-3,0,86.2,0,4.8,0,1000,0
2021,1,1,21,120.17,0,0,-0.4,0,0,0,-3,0,86.4,0,4.1,0,1000,0
2021,1,1,22,120.36,0,0,-0.4,0,0,0,-3,0,86.7,0,3.9,0,1000,0
2021,1,1,23,120.55,0,0,-0.4,0,0,0,-3,0,86.8,0,4.1,0,1000,0
2021,1,1,24,120.74,0,0,-0.4,0,0,0,-3,0,86.9,0,4,0,1000,0
2021,1,1,25,120.93,0,0,-0.4,0,0,0,-3,0,87,0,4.9,0,1000,0
2021,1,1,26,121.12,0,0,-0.4,0,0,0,-3,0,86.9,0,4.1,0,1000,0
2021,1,1,27,121.31,0,0,-0.4,0,0,0,-3,0,87.1,0,4.4,0,1000.1,0
2021,1,1,28,121.5,0,0,-0.4,0,0,0,-3,0,87.2,0,4.3,0,1000.2,0
2021,1,1,29,121.7,0,0,-0.4,0,0,0,-3,0,87.3,0,3.8,0,1000.2,0
2021,1,1,30,121.89,0,0,-0.4,0,0,0,-3,0,87.3,0,3.4,0,1000.2,0
2021,1,1,31,122.08,0,0,-0.4,0,0,0,-3,0,87.4,0,4.3,0,1000.2,0
2021,1,1,32,122.27,0,0,-0.4,0,0,0,-3,0,87.3,0,3.6,0,1000.2,0
2021,1,1,33,122.46,0,0,-0.4,0,0,0,-3,0,87.3,0,3.9,0,1000.2,0
2021,1,1,34,122.65,0,0,-0.4,0,0,0,-3,0,87.4,0,3.5,0,1000.2,0
2021,1,1,35,122.84,0,0,-0.4,0,0,0,-3,0,87.5,0,3.8,0,1000.2,0
2021,1,1,36,123.03,0,0,-0.4,0,0,0,-3,0,87.6,0,3.8,0,1000.2,0
2021,1,1,37,123.22,0,0,-0.4,0,0,0,-3,0,87.5,0,4.7,0,1000.2,0
2021,1,1,38,123.41,0,0,-0.4,0,0,0,-3,0,87.5,0,4.4,0,1000.3,0
2021,1,1,39,123.6,0,0,-0.4,0,0,0,-3.1,0,87.5,0,4.7,0,1000.3,0
2021,1,1,40,123.79,0,0,-0.4,0,0,0,-3.1,0,87.5,0,4.6,0,1000.4,0
2021,1,1,41,123.99,0,0,-0.4,0,0,0,-3.1,0,87.5,0,4.1,0,1000.4,0
2021,1,1,42,124.18,0,0,-0.4,0,0,0,-3.1,0,87.6,0,5,0,1000.5,0
2021,1,1,43,124.37,0,0,-0.4,0,0,0,-3.1,0,87.6,0,4.8,0,1000.5,0
2021,1,1,44,124.56,0,0,-0.4,0,0,0,-3.1,0,87.7,0,5.2,0,1000.5,0
2021,1,1,45,124.75,0,0,-0.4,0,0,0,-3.1,0,87.6,0,5.3,0,1000.4,0
2021,1,1,46,124.94,0,0,-0.4,0,0,0,-3.1,0,87.6,0,3.4,0,1000.4,0
2021,1,1,47,125.13,0,0,-0.4,0,0,0,-3.2,0,87.7,0,4.2,0,1000.4,0
2021,1,1,48,125.32,0,0,-0.4,0,0,0,-3.2,0,87.9,0,5,0,1000.4,0
2021,1,1,49,125.51,0,0,-0.4,0,0,0,-3.2,0,88,0,4.9,0,1000.5,0
2021,1,1,50,125.71,0,0,-0.4,0,0,0,-3.2,0,88,0,4.6,0,1000.5,0
2021,1,1,51,125.9,0,0,-0.4,0,0,0,-3.2,0,87.9,0,3.8,0,1000.6,0
2021,1,1,52,126.09,0,0,-0.4,0,0,0,-3.2,0,87.9,0,3.7,0,1000.7,0
2021,1,1,53,126.28,0,0,-0.4,0,0,0,-3.2,0,87.9,0,4,0,1000.7,0
2021,1,1,54,126.47,0,0,-0.4,0,0,0,-3.2,0,87.9,0,3.7,0,1000.7,0
2021,1,1,55,126.66,0,0,-0.4,0,0,0,-3.2,0,88,0,4,0,1000.7,0
2021,1,1,56,126.85,0,0,-0.4,0,0,0,-3.2,0,88.1,0,3.6,0,1000.7,0
2021,1,1,57,127.04,0,0,-0.4,0,0,0,-3.2,0,88.2,0,3.6,0,1000.7,0
2021,1,1,58,127.24,0,0,-0.4,0,0,0,-3.3,0,88.3,0,4.1,0,1000.7,0
2021,1,1,59,127.43,0,0,-0.4,0,0,0,-3.3,0,88.1,0,4.6,0,1000.7,0
2021,1,2,0,127.62,0,0,-0.4,0,0,0,-3.3,0,87.7,0,4.8,0,1000.8,0
2021,1,2,1,127.81,0,0,-0.4,0,0,0,-3.2,0,87.3,0,4.7,0,1000.8,0
2021,1,2,2,128,0,0,-0.4,0,0,0,-3.3,0,87.3,0,4.4,0,1000.8,0
2021,1,2,3,128.19,0,0,-0.4,0,0,0,-3.3,0,87.6,0,4.5,0,1000.8,0
2021,1,2,4,128.38,0,0,-0.4,0,0,0,-3.3,0,87.7,0,4.5,0,1000.8,0
2021,1,2,5,128.57,0,0,-0.4,0,0,0,-3.3,0,87.6,0,4.8,0,1000.8,0
2021,1,2,6,128.77,0,0,-0.4,0,0,0,-3.3,0,87.4,0,4.6,0,1000.8,0
2021,1,2,7,128.96,0,0,-0.4,0,0,0,-3.3,0,87.4,0,4.7,0,1000.8,0
2021,1,2,8,129.15,0,0,-0.4,0,0,0,-3.3,0,87.4,0,4.8,0,1000.8,0
2021,1,2,9,129.34,0,0,-0.4,0,0,0,-3.3,0,87.3,0,3.9,0,1000.9,0
2021,1,2,10,129.53,0,0,-0.4,0,0,0,-3.3,0,87.6,0,3.8,0,1001,0
2021,1,2,11,129.72,0,0,-0.4,0,0,0,-3.3,0,87.7,0,3.9,0,1001,0
2021,1,2,12,129.91,0,0,-0.4,0,0,0,-3.3,0,87.5,0,4.2,0,1001,0
2021,1,2,13,130.1,0,0,-0.4,0,0,0,-3.3,0,87.4,0,4,0,1001,0
2021,1,2,14,130.3,0,0,-0.4,0,0,0,-3.3,0,87.4,0,4,0,1001,0
2021,1,2,15,130.49,0,0,-0.4,0,0,0,-3.3,0,87.4,0,3.9,0,1000.9,0
2021,1,2,16,130.68,0,0,-0.4,0,0,0,-3.3,0,87.6,0,4.6,0,1000.8,0
2021,1,2,17,130.87,0,0,-0.4,0,0,0,-3.3,0,87.5,0,4.3,0,1000.8,0
2021,1,2,18,131.06,0,0,-0.4,0,0,0,-3.4,0,87.6,0,4.9,0,1000.7,0
2021,1,2,19,131.25,0,0,-0.4,0,0,0,-3.4,0,87.6,0,4.6,0,1000.6,0
2021,1,2,20,131.44,0,0,-0.4,0,0,0,-3.4,0,87.6,0,4.5,0,1000.6,0
2021,1,2,21,131.63,0,0,-0.4,0,0,0,-3.4,0,87.5,0,4.9,0,1000.5,0
2021,1,2,22,131.82,0,0,-0.4,0,0,0,-3.3,0,87.5,0,4.8,0,1000.5,0
2021,1,2,23,132.01,0,0,-0.4,0,0,0,-3.3,0,87.4,0,4.6,0,1000.5,0
2021,1,2,24,132.2,0,0,-0.4,0,0,0,-3.3,0,87.3,0,4.4,0,1000.5,0
2021,1,2,25,132.4,0,0,-0.4,0,0,0,-3.4,0,87.3,0,3.6,0,1000.5,0
2021,1,2,26,132.59,0,0,-0.4,0,0,0,-3.4,0,87.5,0,4.2,0,1000.4,0
2021,1,2,27,132.78,0,0,-0.4,0,0,0,-3.4,0,87.4,0,4.1,0,1000.4,0
2021,1,2,28,132.97,0,0,-0.4,0,0,0,-3.4,0,87.4,0,3.7,0,1000.4,0
2021,1,2,29,133.16,0,0,-0.4,0,0,0,-3.4,0,87.5,0,5.5,0,1000.4,0
2021,1,2,30,133.35,0,0,-0.4,0,0,0,-3.4,0,87.5,0,4.6,0,1000.4,0
2021,1,2,31,133.54,0,0,-0.4,0,0,0,-3.4,0,87.5,0,3.8,0,1000.4,0
2021,1,2,32,133.73,0,0,-0.4,0,0,0,-3.4,0,87.6,0,4.6,0,1000.4,0
2021,1,2,33,133.92,0,0,-0.4,0,0,0,-3.4,0,87.5,0,4.4,0,1000.4,0
2021,1,2,34,134.11,0,0,-0.4,0,0,0,-3.4,0,87.6,0,4.1,0,1000.4,0
2021,1,2,35,134.3,0,0,-0.4,0,0,0,-3.4,0,87.6,0,3.9,0,1000.4,0
2021,1,2,36,134.49,0,0,-0.4,0,0,0,-3.4,0,87.5,0,3.3,0,1000.4,0
2021,1,2,37,134.68,0,0,-0.4,0,0,0,-3.4,0,87.5,0,3.2,0,1000.4,0
2021,1,2,38,134.87,0,0,-0.4,0,0,0,-3.4,0,87.4,0,3.3,0,1000.4,0
2021,1,2,39,135.06,0,0,-0.4,0,0,0,-3.4,0,87.4,0,3.3,0,1000.3,0
2021,1,2,40,135.25,0,0,-0.4,0,0,0,-3.4,0,87.4,0,3.4,0,1000.3,0
2021,1,2,41,135.44,0,0,-0.4,0,0,0,-3.4,0,87.4,0,3.9,0,1000.3,0
2021,1,2,42,135.63,0,0,-0.4,0,0,0,-3.4,0,87.4,0,3.2,0,1000.3,0
2021,1,2,43,135.82,0,0,-0.4,0,0,0,-3.4,0,87.3,0,3.6,0,1000.3,0
2021,1,2,44,136.01,0.1,0,-0.4,0,0,0,-3.4,0,87.3,0,3.8,0,1000.3,0
2021,1,2,45,136.2,0,0,-0.4,0,0,0,-3.4,0,87.1,0,3.4,0,1000.2,0
2021,1,2,46,136.39,0,0,-0.4,0,0,0,-3.4,0,87.1,0,3.7,0,1000.2,0
2021,1,2,47,136.58,0.1,0,-0.4,0,0,0,-3.4,0,87,0,3.8,0,1000.2,0
2021,1,2,48,136.77,0,0,-0.4,0,0,0,-3.4,0,87,0,3.4,0,1000.2,0
2021,1,2,49,136.95,0,0,-0.4,0,0,0,-3.4,0,87,0,4.2,0,1000.1,0
2021,1,2,50,137.14,0,0,-0.4,0,0,0,-3.4,0,86.9,0,4.7,0,1000.1,0
2021,1,2,51,137.33,0,0,-0.4,0,0,0,-3.4,0,86.9,0,4.7,0,1000,0
2021,1,2,52,137.52,0,0,-0.4,0,0,0,-3.4,0,86.8,0,4.4,0,1000,0
2021,1,2,53,137.71,0,0,-0.4,0,0,0,-3.4,0,86.9,0,4.6,0,1000,0
2021,1,2,54,137.9,0,0,-0.4,0,0,0,-3.4,0,87.1,0,3.7,0,1000,0
2021,1,2,55,138.09,0,0,-0.4,0,0,0,-3.4,0,87.1,0,4.4,0,1000,0
2021,1,2,56,138.28,0,0,-0.4,0,0,0,-3.4,0,87,0,3.3,0,1000.1,0
2021,1,2,57,138.46,0,0,-0.4,0,0,0,-3.4,0,87.1,0,4.1,0,1000.1,0
2021,1,2,58,138.65,0,0,-0.4,0,0,0,-3.4,0,86.9,0,4.3,0,1000.1,0
2021,1,2,59,138.84,0,0,-0.4,0,0,0,-3.4,0,86.8,0,4.8,0,1000.1,0
2021,1,3,0,139.03,0,0,-0.4,0,0,0,-3.3,0,86.6,0,5.5,0,1000.1,0
2021,1,3,1,139.22,0,0,-0.4,0,0,0,-3.3,0,86.3,0,5.3,0,1000.1,0
2021,1,3,2,139.4,0,0,-0.4,0,0,0,-3.3,0,86.2,0,4.4,0,1000.1,0
2021,1,3,3,139.59,0,0,-0.4,0,0,0,-3.4,0,86.5,0,4.1,0,1000.1,0
2021,1,3,4,139.78,0,0,-0.4,0,0,0,-3.4,0,86.8,0,4.2,0,1000,0
2021,1,3,5,139.97,0,0,-0.4,0,0,0,-3.4,0,87.1,0,4.5,0,1000,0
2021,1,3,6,140.15,0,0,-0.4,0,0,0,-3.4,0,86.9,0,4.8,0,999.9,0
2021,1,3,7,140.34,0,0,-0.4,0,0,0,-3.4,0,86.9,0,4.9,0,999.9,0
2021,1,3,8,140.53,0,0,-0.4,0,0,0,-3.4,0,86.7,0,5.3,0,999.9,0
2021,1,3,9,140.71,0,0,-0.4,0,0,0,-3.4,0,86.5,0,4.5,0,999.9,0
2021,1,3,10,140.9,0,0,-0.4,0,0,0,-3.4,0,86.5,0,4.2,0,999.9,0
2021,1,3,11,141.09,0,0,-0.4,0,0,0,-3.4,0,86.8,0,4.9,0,999.8,0
2021,1,3,12,141.27,0,0,-0.4,0,0,0,-3.4,0,86.8,0,5,0,999.8,0
2021,1,3,13,141.46,0,0,-0.4,0,0,0,-3.4,0,86.8,0,4.6,0,999.8,0
2021,1,3,14,141.64,0,0,-0.4,0,0,0,-3.4,0,86.9,0,4.6,0,999.7,0
2021,1,3,15,141.83,0,0,-0.4,0,0,0,-3.5,0,87,0,4.7,0,999.6,0
2021,1,3,16,142.01,0,0,-0.4,0,0,0,-3.4,0,86.9,0,4.5,0,999.6,0
2021,1,3,17,142.2,0,0,-0.4,0,0,0,-3.4,0,86.9,0,4.3,0,999.5,0
2021,1,3,18,142.38,0,0,-0.4,0,0,0,-3.5,0,86.9,0,4.7,0,999.4,0
2021,1,3,19,142.57,0,0,-0.4,0,0,0,-3.4,0,86.8,0,4.1,0,999.4,0
2021,1,3,20,142.75,0,0,-0.4,0,0,0,-3.5,0,86.8,0,4.5,0,999.4,0
2021,1,3,21,142.94,0,0,-0.4,0,0,0,-3.5,0,86.6,0,4.2,0,999.4,0
2021,1,3,22,143.12,0,0,-0.4,0,0,0,-3.5,0,86.6,0,4.8,0,999.3,0
2021,1,3,23,143.31,0,0,-0.4,0,0,0,-3.4,0,86.4,0,4.8,0,999.3,0
2021,1,3,24,143.49,0,0,-0.4,0,0,0,-3.4,0,86.2,0,4.9,0,999.3,0
2021,1,3,25,143.67,0,0,-0.4,0,0,0,-3.4,0,86.2,0,4.3,0,999.3,0
2021,1,3,26,143.86,0,0,-0.4,0,0,0,-3.4,0,86.4,0,4.2,0,999.3,0
2021,1,3,27,144.04,0,0,-0.4,0,0,0,-3.4,0,86.5,0,4.5,0,999.3,0
2021,1,3,28,144.22,0,0,-0.4,0,0,0,-3.4,0,86.4,0,4.2,0,999.3,0
2021,1,3,29,144.41,0,0,-0.4,0,0,0,-3.4,0,86.4,0,4.8,0,999.3,0
2021,1,3,30,144.59,0,0,-0.4,0,0,0,-3.4,0,86.3,0,4.4,0,999.3,0
2021,1,3,31,144.77,0,0,-0.4,0,0,0,-3.4,0,86.2,0,5.4,0,999.3,0
2021,1,3,32,144.95,0,0,-0.4,0,0,0,-3.4,0,86.1,0,5.3,0,999.3,0
2021,1,3,33,145.13,0,0,-0.4,0,0,0,-3.4,0,86.1,0,6.1,0,999.3,0
2021,1,3,34,145.32,0,0,-0.4,0,0,0,-3.4,0,85.9,0,6.6,0,999.3,0
2021,1,3,35,145.5,0,0,-0.4,0,0,0,-3.4,0,85.5,0,7.4,0,999.3,0
2021,1,3,36,145.68,0,0,-0.4,0,0,0,-3.4,0,85.5,0,6,0,999.2,0
2021,1,3,37,145.86,0,0,-0.4,0,0,0,-3.4,0,85.7,0,5.2,0,999.2,0
2021,1,3,38,146.04,0,0,-0.4,0,0,0,-3.4,0,85.7,0,5.6,0,999.2,0
2021,1,3,39,146.22,0,0,-0.4,0,0,0,-3.4,0,85.7,0,5.7,0,999.3,0
2021,1,3,40,146.4,0,0,-0.4,0,0,0,-3.4,0,85.6,0,6.5,0,999.3,0
2021,1,3,41,146.58,0,0,-0.4,0,0,0,-3.4,0,85.5,0,5.5,0,999.2,0
2021,1,3,42,146.76,0,0,-0.4,0,0,0,-3.4,0,85.7,0,5.3,0,999.2,0
2021,1,3,43,146.94,0,0,-0.4,0,0,0,-3.4,0,85.7,0,5.7,0,999.2,0
2021,1,3,44,147.12,0,0,-0.4,0,0,0,-3.4,0,85.4,0,6.7,0,999.2,0
2021,1,3,45,147.29,0,0,-0.4,0,0,0,-3.4,0,85.1,0,6,0,999.2,0
2021,1,3,46,147.47,0,0,-0.4,0,0,0,-3.4,0,85.3,0,5.9,0,999.2,0
2021,1,3,47,147.65,0,0,-0.4,0,0,0,-3.4,0,85.4,0,5.7,0,999.1,0
2021,1,3,48,147.83,0,0,-0.4,0,0,0,-3.4,0,85.4,0,5.1,0,999.1,0
2021,1,3,49,148,0,0,-0.4,0,0,0,-3.4,0,85.4,0,4.9,0,999,0
2021,1,3,50,148.18,0,0,-0.4,0,0,0,-3.4,0,85.5,0,5.7,0,999,0
2021,1,3,51,148.36,0,0,-0.4,0,0,0,-3.4,0,85.4,0,5.8,0,999,0
2021,1,3,52,148.53,0,0,-0.4,0,0,0,-3.4,0,85.3,0,5.4,0,999.1,0
2021,1,3,53,148.71,0,0,-0.4,0,0,0,-3.4,0,85.3,0,5.6,0,999.1,0
2021,1,3,54,148.88,0,0,-0.4,0,0,0,-3.4,0,85.3,0,6.2,0,999.1,0
2021,1,3,55,149.06,0,0,-0.4,0,0,0,-3.4,0,85.2,0,7,0,999.1,0
2021,1,3,56,149.23,0,0,-0.4,0,0,0,-3.4,0,85,0,5.8,0,999.1,0
2021,1,3,57,149.4,0,0,-0.4,0,0,0,-3.4,0,85.1,0,5.6,0,999,0
2021,1,3,58,149.58,0,0,-0.4,0,0,0,-3.4,0,85.2,0,5.9,0,998.9,0
2021,1,3,59,149.75,0,0,-0.4,0,0,0,-3.4,0,85.2,0,5.3,0,998.9,0
2021,1,4,0,149.92,0,0,-0.4,0,0,0,-3.4,0,85,0,6,0,998.9,0
2021,1,4,1,150.1,0,0,-0.4,0,0,0,-3.4,0,84.9,0,6,0,998.9,0
2021,1,4,2,150.27,0,0,-0.4,0,0,0,-3.4,0,84.8,0,7.1,0,998.8,0
2021,1,4,3,150.44,0,0,-0.4,0,0,0,-3.4,0,84.8,0,6.8,0,998.8,0
2021,1,4,4,150.61,0,0,-0.4,0,0,0,-3.4,0,85,0,5.8,0,998.8,0
2021,1,4,5,150.78,0,0,-0.4,0,0,0,-3.4,0,85,0,6.7,0,998.8,0
2021,1,4,6,150.95,0,0,-0.4,0,0,0,-3.4,0,84.9,0,5.6,0,998.9,0
2021,1,4,7,151.12,0,0,-0.4,0,0,0,-3.4,0,84.9,0,7,0,998.9,0
2021,1,4,8,151.29,0,0,-0.4,0,0,0,-3.3,0,84.8,0,5.8,0,998.9,0
2021,1,4,9,151.46,0,0,-0.4,0,0,0,-3.4,0,85.2,0,6.2,0,999,0
2021,1,4,10,151.62,0,0,-0.4,0,0,0,-3.4,0,85.5,0,7,0,999,0
2021,1,4,11,151.79,0,0,-0.4,0,0,0,-3.4,0,85.4,0,7.2,0,999.1,0
2021,1,4,12,151.96,0,0,-0.4,0,0,0,-3.4,0,85.5,0,5.9,0,999.1,0
2021,1,4,13,152.12,0,0,-0.4,0,0,0,-3.4,0,85.7,0,6.7,0,999.1,0
2021,1,4,14,152.29,0,0,-0.4,0,0,0,-3.4,0,85.5,0,7,0,999.1,0
2021,1,4,15,152.45,0,0,-0.4,0,0,0,-3.4,0,85.6,0,5.8,0,999.1,0
2021,1,4,16,152.62,0,0,-0.4,0,0,0,-3.4,0,85.5,0,7.1,0,999.1,0
2021,1,4,17,152.78,0,0,-0.4,0,0,0,-3.4,0,85.2,0,6.4,0,999.2,0
2021,1,4,18,152.95,0,0,-0.4,0,0,0,-3.4,0,85.1,0,7.4,0,999.2,0
2021,1,4,19,153.11,0,0,-0.4,0,0,0,-3.3,0,84.7,0,7.2,0,999.2,0
2021,1,4,20,153.27,0,0,-0.4,0,0,0,-3.3,0,84.6,0,7,0,999.2,0
2021,1,4,21,153.43,0,0,-0.4,0,0,0,-3.3,0,84.8,0,5.8,0,999.2,0
2021,1,4,22,153.59,0,0,-0.4,0,0,0,-3.4,0,85.2,0,5.6,0,999.3,0
2021,1,4,23,153.75,0,0,-0.4,0,0,0,-3.4,0,85.5,0,5.6,0,999.3,0
2021,1,4,24,153.91,0,0,-0.4,0,0,0,-3.4,0,85.5,0,6.8,0,999.3,0
2021,1,4,25,154.07,0,0,-0.4,0,0,0,-3.4,0,85.1,0,6.1,0,999.3,0
2021,1,4,26,154.23,0,0,-0.4,0,0,0,-3.4,0,85.4,0,5.9,0,999.3,0
2021,1,4,27,154.38,0,0,-0.4,0,0,0,-3.4,0,85.3,0,6.7,0,999.3,0
2021,1,4,28,154.54,0,0,-0.4,0,0,0,-3.3,0,85.2,0,6.8,0,999.3,0
2021,1,4,29,154.7,0,0,-0.4,0,0,0,-3.3,0,85.1,0,6.9,0,999.3,0
2021,1,4,30,154.85,0,0,-0.4,0,0,0,-3.3,0,85.1,0,6.7,0,999.3,0
2021,1,4,31,155,0,0,-0.4,0,0,0,-3.3,0,85.3,0,5.5,0,999.3,0
2021,1,4,32,155.16,0,0,-0.4,0,0,0,-3.4,0,85.9,0,5.4,0,999.3,0
2021,1,4,33,155.31,0,0,-0.4,0,0,0,-3.4,0,85.9,0,6.6,0,999.3,0
2021,1,4,34,155.46,0,0,-0.4,0,0,0,-3.4,0,85.4,0,6.5,0,999.3,0
2021,1,4,35,155.61,0,0,-0.4,0,0,0,-3.4,0,85.4,0,6,0,999.3,0
2021,1,4,36,155.76,0,0,-0.4,0,0,0,-3.4,0,85.7,0,6.1,0,999.3,0
2021,1,4,37,155.91,0,0,-0.4,0,0,0,-3.4,0,85.5,0,6.3,0,999.3,0
2021,1,4,38,156.06,0,0,-0.4,0,0,0,-3.4,0,85.4,0,6.4,0,999.3,0
2021,1,4,39,156.21,0,0,-0.4,0,0,0,-3.4,0,85.4,0,6.7,0,999.2,0
2021,1,4,40,156.35,0,0,-0.4,0,0,0,-3.4,0,85.3,0,6.6,0,999.3,0
2021,1,4,41,156.5,0,0,-0.4,0,0,0,-3.4,0,85.5,0,5.4,0,999.3,0
2021,1,4,42,156.64,0,0,-0.4,0,0,0,-3.4,0,85.9,0,5.8,0,999.3,0
2021,1,4,43,156.79,0,0,-0.4,0,0,0,-3.4,0,86,0,5.6,0,999.3,0
2021,1,4,44,156.93,0,0,-0.4,0,0,0,-3.4,0,86,0,6.7,0,999.3,0
2021,1,4,45,157.07,0,0,-0.4,0,0,0,-3.4,0,85.7,0,6.2,0,999.2,0
2021,1,4,46,157.21,0,0,-0.4,0,0,0,-3.4,0,85.8,0,6.3,0,999.3,0
2021,1,4,47,157.35,0,0,-0.4,0,0,0,-3.4,0,86,0,5.9,0,999.3,0
2021,1,4,48,157.49,0,0,-0.4,0,0,0,-3.4,0,86.2,0,6.4,0,999.3,0
2021,1,4,49,157.62,0,0,-0.4,0,0,0,-3.5,0,86.3,0,5.7,0,999.3,0
2021,1,4,50,157.76,0,0,-0.4,0,0,0,-3.5,0,86.4,0,6.1,0,999.3,0
2021,1,4,51,157.89,0,0,-0.4,0,0,0,-3.5,0,86.3,0,6.5,0,999.3,0
2021,1,4,52,158.03,0,0,-0.4,0,0,0,-3.5,0,86.2,0,6.3,0,999.2,0
2021,1,4,53,158.16,0,0,-0.4,0,0,0,-3.5,0,86.2,0,6.1,0,999.2,0
2021,1,4,54,158.29,0,0,-0.4,0,0,0,-3.5,0,86.4,0,5.5,0,999.2,0
2021,1,4,55,158.42,0,0,-0.4,0,0,0,-3.5,0,86.8,0,5.3,0,999.2,0
2021,1,4,56,158.55,0,0,-0.4,0,0,0,-3.5,0,86.8,0,6.3,0,999.2,0
2021,1,4,57,158.67,0,0,-0.4,0,0,0,-3.5,0,86.6,0,5.9,0,999.2,0
2021,1,4,58,158.8,0,0,-0.4,0,0,0,-3.5,0,86.6,0,5.8,0,999.1,0
2021,1,4,59,158.92,0,0,-0.4,0,0,0,-3.5,0,86.6,0,6.3,0,999.1,0
2021,1,5,0,159.05,0,0,-0.4,0,0,0,-3.5,0,86.8,0,5.7,0,999.1,0
2021,1,5,1,159.17,0,0,-0.4,0,0,0,-3.6,0,87,0,5,0,999.1,0
2021,1,5,2,159.29,0,0,-0.4,0,0,0,-3.6,0,87.4,0,5.3,0,999,0
2021,1,5,3,159.41,0,0,-0.4,0,0,0,-3.6,0,87.5,0,5.8,0,999,0
2021,1,5,4,159.52,0,0,-0.4,0,0,0,-3.6,0,87.5,0,6,0,999,0
2021,1,5,5,159.64,0,0,-0.4,0,0,0,-3.6,0,87.2,0,5.2,0,999,0
2021,1,5,6,159.75,0,0,-0.4,0,0,0,-3.6,0,87.3,0,5.7,0,999.1,0
2021,1,5,7,159.87,0,0,-0.4,0,0,0,-3.6,0,87.2,0,5.6,0,999.1,0
2021,1,5,8,159.98,0,0,-0.4,0,0,0,-3.6,0,87.4,0,5.1,0,999.1,0
2021,1,5,9,160.09,0,0,-0.4,0,0,0,-3.6,0,87.4,0,4.8,0,999.1,0
2021,1,5,10,160.19,0,0,-0.4,0,0,0,-3.6,0,87.4,0,5.5,0,999.1,0
2021,1,5,11,160.3,0,0,-0.4,0,0,0,-3.6,0,87.2,0,5.3,0,999.1,0
2021,1,5,12,160.41,0,0,-0.4,0,0,0,-3.6,0,87.1,0,5.9,0,999.1,0
2021,1,5,13,160.51,0,0,-0.4,0,0,0,-3.6,0,86.9,0,5.3,0,999.1,0
2021,1,5,14,160.61,0,0,-0.4,0,0,0,-3.6,0,87,0,5.5,0,999.1,0
2021,1,5,15,160.71,0,0,-0.4,0,0,0,-3.6,0,87.1,0,5.5,0,999.1,0
2021,1,5,16,160.81,0,0,-0.4,0,0,0,-3.6,0,87.1,0,5.4,0,999.1,0
2021,1,5,17,160.9,0,0,-0.4,0,0,0,-3.6,0,87.3,0,5.4,0,999.1,0
2021,1,5,18,161,0,0,-0.4,0,0,0,-3.6,0,87.4,0,5.6,0,999.1,0
2021,1,5,19,161.09,0,0,-0.3,0,0,0,-3.6,0,87.5,0,5.8,0,999.1,0
2021,1,5,20,161.18,0,0,-0.2,0,0,0,-3.6,0,87.6,0,5.5,0,999.1,0
2021,1,5,21,161.26,0,0,-0.1,0,0,0,-3.6,0,87.7,0,6,0,999.1,0
2021,1,5,22,161.35,0,0,0,0,0,0,-3.6,0,87.5,0,5.1,0,999.1,0
2021,1,5,23,161.43,0,0,0,0,0,0,-3.6,0,87.5,0,5.2,0,999.1,0
2021,1,5,24,161.52,0,0,0,0,0,0,-3.6,0,87.5,0,6,0,999.1,0
2021,1,5,25,161.6,0,0,0,0,0,0,-3.5,0,87.4,0,5.2,0,999.1,0
2021,1,5,26,161.67,0,0,0,0,0,0,-3.5,0,87.6,0,5,0,999.1,0
2021,1,5,27,161.75,0,0,0,0,0,0,-3.5,0,87.5,0,5.9,0,999.1,0
2021,1,5,28,161.82,0,0,0,0,0,0,-3.5,0,87.3,0,5.1,0,999.1,0
2021,1,5,29,161.9,0,0,0,0,0,0,-3.5,0,87.4,0,5,0,999.1,0
2021,1,5,30,161.96,0,0,0,0,0,0,-3.5,0,87.4,0,5,0,999,0
2021,1,5,31,162.03,0,0,0,0,0,0,-3.5,0,87.3,0,5.7,0,999,0
2021,1,5,32,162.1,0,0,0,0,0,0,-3.5,0,87.1,0,5,0,999,0
2021,1,5,33,162.16,0,0,0,0,0,0,-3.5,0,87.4,0,4.8,0,999,0
2021,1,5,34,162.22,0,0,0.1,0,0,0,-3.5,0,87.4,0,4.5,0,999,0
2021,1,5,35,162.28,0,0,0.1,0,0,0,-3.4,0,87.5,0,5.3,0,999,0
2021,1,5,36,162.33,0,0,0.1,0,0,0,-3.4,0,87.2,0,5.3,0,999,0
2021,1,5,37,162.39,0,0,0.3,0,0,0,-3.4,0,87,0,4.8,0,999,0
2021,1,5,38,162.44,0,0,0.2,0,0,0,-3.4,0,87.2,0,4.7,0,998.9,0
2021,1,5,39,162.48,0,0,0.2,0,0,0,-3.4,0,87.3,0,5.2,0,998.8,0
2021,1,5,40,162.53,0,0,0.2,0,0,0,-3.4,0,87.2,0,5.5,0,998.8,0
2021,1,5,41,162.57,0,0,0.1,0,0,0,-3.4,0,86.9,0,5.9,0,998.7,0
2021,1,5,42,162.61,0,0,0.1,0,0,0,-3.3,0,86.8,0,5.5,0,998.7,0
2021,1,5,43,162.65,0,0,0.1,0,0,0,-3.3,0,86.7,0,5.4,0,998.7,0
2021,1,5,44,162.69,0,0,0.1,0,0,0,-3.3,0,86.6,0,5,0,998.7,0
2021,1,5,45,162.72,0,0,0.2,0,0,0,-3.3,0,87,0,4.7,0,998.7,0
2021,1,5,46,162.75,0,0,0.1,0,0,0,-3.3,0,86.8,0,5.5,0,998.7,0
2021,1,5,47,162.78,0,0,0.1,0,0,0,-3.3,0,86.8,0,4.8,0,998.6,0
2021,1,5,48,162.81,0,0,0,0,0,0,-3.3,0,86.6,0,5.8,0,998.6,0
2021,1,5,49,162.83,0,0,0,0,0,0,-3.2,0,86.5,0,4.7,0,998.6,0
2021,1,5,50,162.85,0,0,0,0,0,0,-3.2,0,86.5,0,5.4,0,998.6,0
2021,1,5,51,162.87,0,0,0,0,0,0,-3.2,0,86.4,0,6,0,998.5,0
2021,1,5,52,162.89,0,0,0,0,0,0,-3.2,0,86.3,0,4.1,0,998.5,0
2021,1,5,53,162.9,0.1,0,0,0,0,0,-3.2,0,86.5,0,4.9,0,998.5,0
2021,1,5,54,162.91,0.1,0,0,0,0,0,-3.2,0,86.4,0,5.7,0,998.5,0
2021,1,5,55,162.92,0.1,0,0,0,0,0,-3.2,0,86.3,0,5.3,0,998.5,0
2021,1,5,56,162.92,0.1,0,0,0,0,0,-3.2,0,86.3,0,5.4,0,998.5,0
2021,1,5,57,162.93,0.1,0,0,0,0,0,-3.2,0,86.3,0,6,0,998.5,0
2021,1,5,58,162.93,0.2,0,0,0,0,0,-3.2,0,86.2,0,6.7,0,998.4,0
2021,1,5,59,162.92,0.1,0,0,0,0,0,-3.2,0,86.2,0,5.5,0,998.3,0
2021,1,6,0,162.92,0.1,0,0,0,0,0,-3.1,0,86,0,7,0,998.3,0
2021,1,6,1,162.91,0,0,0,0,0,0,-3.1,0,85.8,0,6.5,0,998.2,0
2021,1,6,2,162.9,0,0,0,0,0,0,-3.1,0,85.8,0,5.1,0,998.2,0
2021,1,6,3,162.89,0,0,0,0,0,0,-3.1,0,85.9,0,4.9,0,998.1,0
2021,1,6,4,162.87,0,0,0,0,0,0,-3.1,0,86,0,4.5,0,998.1,0
2021,1,6,5,162.85,0.1,0,0,0,0,0,-3.1,0,86.1,0,4.8,0,998.1,0
2021,1,6,6,162.83,0.2,0,-0.1,0,0,0,-3.1,0,85.9,0,5.2,0,998,0
2021,1,6,7,162.81,0.3,0,-0.1,0,0,0,-3.1,0,85.7,0,4.6,0,998,0
2021,1,6,8,162.78,0.2,0,-0.1,0,0,0,-3,0,85.6,0,5.7,0,997.9,0
2021,1,6,9,162.76,0.3,0,-0.2,0,0,0,-3,0,85.3,0,5.3,0,997.9,0
2021,1,6,10,162.72,0.3,0,-0.2,0,0,0,-3,0,85.5,0,5.1,0,997.9,0
2021,1,6,11,162.69,0.3,0,-0.1,0,0,0,-3,0,85.6,0,5.5,0,997.8,0
2021,1,6,12,162.66,0.4,0,-0.1,0,0,0,-3,0,85.9,0,4.9,0,997.8,0
2021,1,6,13,162.62,0.4,0,-0.2,0,0,0,-3,0,86,0,4.9,0,997.9,0
2021,1,6,14,162.58,0.4,0,-0.3,0,0,0,-3,0,86.1,0,4.6,0,998,0
2021,1,6,15,162.53,0.4,0,-0.3,0,0,0,-3,0,86,0,4.1,0,998.1,0
2021,1,6,16,162.49,0.4,0,-0.3,0,0,0,-3,0,85.7,0,5.8,0,998.1,0
2021,1,6,17,162.44,0.3,0,-0.1,0,0,0,-3,0,85.5,0,4.2,0,998.1,0
2021,1,6,18,162.39,0.2,0,-0.1,0,0,0,-2.9,0,85.4,0,4.8,0,998.1,0
2021,1,6,19,162.33,0.3,0,-0.2,0,0,0,-2.9,0,85.2,0,5.2,0,998.2,0
2021,1,6,20,162.28,0.2,0,-0.3,0,0,0,-2.9,0,85,0,5.9,0,998.2,0
2021,1,6,21,162.22,0.2,0,-0.2,0,0,0,-2.9,0,84.9,0,4.6,0,998.1,0
2021,1,6,22,162.16,0.1,0,-0.2,0,0,0,-2.9,0,84.9,0,6.2,0,998.1,0
2021,1,6,23,162.1,0.1,0,-0.2,0,0,0,-2.9,0,84.8,0,5.5,0,998.1,0
2021,1,6,24,162.03,0.1,0,-0.1,0,0,0,-2.9,0,84.8,0,5.9,0,998.2,0
2021,1,6,25,161.97,0,0,0,0,0,0,-2.9,0,85,0,5.3,0,998.2,0
2021,1,6,26,161.9,0,0,0,0,0,0,-2.9,0,85.3,0,5.7,0,998.3,0
2021,1,6,27,161.83,0,0,-0.2,0,0,0,-2.9,0,85,0,6.7,0,998.3,0
2021,1,6,28,161.75,0,0,0,0,0,0,-2.9,0,85.2,0,5.4,0,998.3,0
2021,1,6,29,161.68,0,0,0,0,0,0,-2.9,0,85.4,0,5,0,998.3,0
2021,1,6,30,161.6,0,0,0,0,0,0,-2.9,0,85.5,0,5.3,0,998.3,0
2021,1,6,31,161.52,0,0,0,0,0,0,-2.8,0,85.4,0,5.2,0,998.3,0
2021,1,6,32,161.44,0,0,0,0,0,0,-2.8,0,85,0,6.1,0,998.3,0
2021,1,6,33,161.35,0,0,0,0,0,0,-2.8,0,85,0,5.4,0,998.3,0
2021,1,6,34,161.27,0,0,0,0,0,0,-2.8,0,85.2,0,5.3,0,998.3,0
2021,1,6,35,161.18,0,0,0,0,0,0,-2.8,0,84.9,0,4.8,0,998.3,0
2021,1,6,36,161.09,0,0,-0.1,0,0,0,-2.8,0,85.1,0,4.7,0,998.3,0
2021,1,6,37,161,0,0,-0.1,0,0,0,-2.8,0,85.3,0,5.2,0,998.3,0
2021,1,6,38,160.9,0,0,-0.2,0,0,0,-2.8,0,85,0,5.7,0,998.2,0
2021,1,6,39,160.81,0,0,-0.1,0,0,0,-2.8,0,85.2,0,5.6,0,998.2,0
2021,1,6,40,160.71,0,0,-0.2,0,0,0,-2.8,0,85,0,6.1,0,998.2,0
2021,1,6,41,160.61,0,0,-0.4,0,0,0,-2.8,0,84.6,0,6.6,0,998.1,0
2021,1,6,42,160.51,0,0,-0.4,0,0,0,-2.8,0,84.8,0,6.1,0,998.1,0
2021,1,6,43,160.41,0,0,-0.3,0,0,0,-2.8,0,84.8,0,6.3,0,998.1,0
2021,1,6,44,160.3,0,0,-0.3,0,0,0,-2.8,0,85,0,6.3,0,998.1,0
2021,1,6,45,160.2,0,0,-0.3,0,0,0,-2.8,0,84.7,0,7.6,0,998,0
2021,1,6,46,160.09,0,0,-0.3,0,0,0,-2.8,0,84.8,0,6.5,0,998,0
2021,1,6,47,159.98,0,0,-0.3,0,0,0,-2.8,0,84.8,0,7.3,0,998,0
2021,1,6,48,159.87,0,0,-0.3,0,0,0,-2.8,0,84.9,0,7.2,0,998,0
2021,1,6,49,159.76,0,0,-0.4,0,0,0,-2.8,0,84.7,0,8.2,0,998,0
2021,1,6,50,159.64,0,0,-0.4,0,0,0,-2.8,0,84.6,0,7.5,0,998,0
2021,1,6,51,159.53,0,0,-0.3,0,0,0,-2.8,0,84.8,0,7.5,0,997.9,0
2021,1,6,52,159.41,0,0,-0.3,0,0,0,-2.8,0,84.7,0,7.9,0,997.9,0
2021,1,6,53,159.29,0,0,-0.3,0,0,0,-2.8,0,84.6,0,7.4,0,997.9,0
2021,1,6,54,159.17,0,0,-0.1,0,0,0,-2.8,0,84.6,0,7.3,0,997.9,0
2021,1,6,55,159.05,0,0,-0.1,0,0,0,-2.8,0,84.6,0,6.8,0,997.9,0
2021,1,6,56,158.93,0,0,-0.2,0,0,0,-2.7,0,84.9,0,7.1,0,997.9,0
2021,1,6,57,158.8,0,0,-0.1,0,0,0,-2.7,0,84.7,0,7.3,0,997.9,0
2021,1,6,58,158.68,0,0,-0.1,0,0,0,-2.7,0,84.6,0,7.4,0,997.9,0
2021,1,6,59,158.55,0,0,0,0,0,0,-2.7,0,84.9,0,6.2,0,997.9,0
2021,1,7,0,158.42,0,0,0,0,0,0,-2.7,0,85.3,0,6.5,0,997.9,0
2021,1,7,1,158.29,0,0,0,0,0,0,-2.7,0,85.3,0,6.7,0,997.9,0
2021,1,7,2,158.16,0,0,0,0,0,0,-2.7,0,85.3,0,6.6,0,997.8,0
2021,1,7,3,158.03,0,0,0,0,0,0,-2.7,0,84.9,0,7.4,0,997.8,0
2021,1,7,4,157.9,0,0,-0.1,0,0,0,-2.7,0,84.7,0,7.3,0,997.9,0
2021,1,7,5,157.76,0,0,-0.1,0,0,0,-2.7,0,85.2,0,6.6,0,997.9,0
2021,1,7,6,157.63,0,0,0,0,0,0,-2.7,0,85.1,0,7.1,0,997.9,0
2021,1,7,7,157.49,0,0,-0.1,0,0,0,-2.7,0,84.8,0,7.2,0,998,0
2021,1,7,8,157.35,0,0,-0.1,0,0,0,-2.7,0,84.7,0,6.9,0,998,0
2021,1,7,9,157.21,0,0,0,0,0,0,-2.7,0,85.2,0,6.6,0,997.9,0
2021,1,7,10,157.07,0,0,-0.2,0,0,0,-2.7,0,85.1,0,7.4,0,997.8,0
2021,1,7,11,156.93,0,0,-0.2,0,0,0,-2.8,0,85.2,0,6.9,0,997.8,0
2021,1,7,12,156.79,0,0,-0.3,0,0,0,-2.7,0,85.2,0,6.3,0,997.7,0
2021,1,7,13,156.65,0,0,-0.3,0,0,0,-2.8,0,85.4,0,6.3,0,997.7,0
2021,1,7,14,156.5,0,0,-0.3,0,0,0,-2.8,0,85.7,0,5.8,0,997.7,0
2021,1,7,15,156.36,0,0,-0.3,0,0,0,-2.7,0,85.4,0,7,0,997.7,0
2021,1,7,16,156.21,0,0,-0.3,0,0,0,-2.7,0,85.2,0,7.3,0,997.7,0
2021,1,7,17,156.06,0,0,-0.4,0,0,0,-2.7,0,85.1,0,7.2,0,997.7,0
2021,1,7,18,155.92,0,0,-0.4,0,0,0,-2.7,0,85,0,7.5,0,997.7,0
2021,1,7,19,155.77,0,0,-0.4,0,0,0,-2.8,0,85.3,0,6.2,0,997.7,0
2021,1,7,20,155.62,0,0,-0.4,0,0,0,-2.7,0,85.5,0,6.6,0,997.7,0
2021,1,7,21,155.47,0,0,-0.3,0,0,0,-2.7,0,85.5,0,6.8,0,997.7,0
2021,1,7,22,155.32,0,0,-0.4,0,0,0,-2.7,0,85.5,0,6.8,0,997.7,0
2021,1,7,23,155.16,0,0,-0.4,0,0,0,-2.8,0,85.4,0,7.3,0,997.7,0
2021,1,7,24,155.01,0,0,-0.4,0,0,0,-2.7,0,85.3,0,7.6,0,997.6,0
2021,1,7,25,154.86,0,0,-0.4,0,0,0,-2.7,0,85.6,0,7.1,0,997.6,0
2021,1,7,26,154.7,0,0,-0.4,0,0,0,-2.7,0,85.7,0,6.8,0,997.6,0
2021,1,7,27,154.55,0,0,-0.4,0,0,0,-2.7,0,85.7,0,7.3,0,997.5,0
2021,1,7,28,154.39,0,0,-0.4,0,0,0,-2.7,0,85.3,0,8,0,997.5,0
2021,1,7,29,154.23,0,0,-0.4,0,0,0,-2.7,0,85.4,0,6.9,0,997.6,0
2021,1,7,30,154.07,0,0,-0.4,0,0,0,-2.7,0,85.5,0,7.5,0,997.6,0
2021,1,7,31,153.92,0,0,-0.4,0,0,0,-2.7,0,85.4,0,8,0,997.6,0
2021,1,7,32,153.76,0,0,-0.4,0,0,0,-2.7,0,85.1,0,7.6,0,997.6,0
2021,1,7,33,153.6,0,0,-0.4,0,0,0,-2.7,0,85.3,0,7.6,0,997.6,0
2021,1,7,34,153.44,0,0,-0.4,0,0,0,-2.7,0,85.3,0,7.6,0,997.7,0
2021,1,7,35,153.27,0,0,-0.3,0,0,0,-2.7,0,85.3,0,7.4,0,997.7,0
2021,1,7,36,153.11,0,0,-0.3,0,0,0,-2.7,0,85.2,0,8.1,0,997.8,0
2021,1,7,37,152.95,0,0,-0.4,0,0,0,-2.7,0,85.1,0,8,0,997.8,0
2021,1,7,38,152.79,0,0,-0.4,0,0,0,-2.7,0,85.1,0,7.8,0,997.8,0
2021,1,7,39,152.62,0,0,-0.4,0,0,0,-2.7,0,85,0,7,0,997.8,0
2021,1,7,40,152.46,0,0,-0.4,0,0,0,-2.7,0,85.3,0,6.9,0,997.8,0
2021,1,7,41,152.29,0,0,-0.2,0,0,0,-2.7,0,85.5,0,6.3,0,997.8,0
2021,1,7,42,152.13,0,0,-0.2,0,0,0,-2.7,0,85.6,0,6.3,0,997.7,0
2021,1,7,43,151.96,0,0,-0.2,0,0,0,-2.6,0,85.4,0,7.3,0,997.7,0
2021,1,7,44,151.8,0,0,-0.3,0,0,0,-2.6,0,85.4,0,7.2,0,997.7,0
2021,1,7,45,151.63,0,0,-0.3,0,0,0,-2.7,0,85.3,0,7.5,0,997.7,0
2021,1,7,46,151.46,0,0,-0.4,0,0,0,-2.6,0,85.4,0,7,0,997.8,0
2021,1,7,47,151.29,0,0,-0.4,0,0,0,-2.6,0,85.5,0,7.3,0,997.8,0
2021,1,7,48,151.12,0,0,-0.3,0,0,0,-2.6,0,85.2,0,7.9,0,997.8,0
2021,1,7,49,150.95,0,0,-0.3,0,0,0,-2.6,0,85,0,7.7,0,997.8,0
2021,1,7,50,150.78,0,0,-0.3,0,0,0,-2.6,0,85.4,0,7.1,0,997.8,0
2021,1,7,51,150.61,0,0,-0.3,0,0,0,-2.6,0,85.5,0,6.8,0,997.8,0
2021,1,7,52,150.44,0,0,-0.3,0,0,0,-2.6,0,85.5,0,6.8,0,997.8,0
2021,1,7,53,150.27,0,0,-0.3,0,0,0,-2.6,0,85.6,0,7.1,0,997.8,0
2021,1,7,54,150.1,0,0,-0.3,0,0,0,-2.6,0,85.4,0,6.6,0,997.8,0
2021,1,7,55,149.93,0,0,-0.1,0,0,0,-2.6,0,85.8,0,5.9,0,997.8,0
2021,1,7,56,149.76,0,0,-0.2,0,0,0,-2.6,0,85.9,0,6.5,0,997.8,0
2021,1,7,57,149.58,0,0,-0.3,0,0,0,-2.6,0,85.7,0,6.7,0,997.8,0
2021,1,7,58,149.41,0,0,-0.1,0,0,0,-2.6,0,85.5,0,6.5,0,997.8,0
2021,1,7,59,149.24,0,0,-0.3,0,0,0,-2.6,0,85.3,0,6.9,0,997.8,0
2021,1,8,0,149.06,0,0,-0.3,0,0,0,-2.5,0,85.5,0,6,0,997.8,0
2021,1,8,1,148.89,0,0,0,0,0,0,-2.5,0,85.6,0,7,0,997.8,0
2021,1,8,2,148.71,0,0,-0.1,0,0,0,-2.5,0,85.4,0,6.4,0,997.8,0
2021,1,8,3,148.54,0,0,-0.1,0,0,0,-2.5,0,85.5,0,6.5,0,997.8,0
2021,1,8,4,148.36,0,0,0,0,0,0,-2.5,0,85.4,0,6.2,0,997.7,0
2021,1,8,5,148.18,0,0,-0.2,0,0,0,-2.5,0,85.4,0,6.4,0,997.6,0
2021,1,8,6,148.01,0.1,0,-0.3,0,0,0,-2.5,0,85.6,0,6.2,0,997.6,0
2021,1,8,7,147.83,0.1,0,-0.2,0,0,0,-2.5,0,85.5,0,6.7,0,997.6,0
2021,1,8,8,147.65,0,0,-0.2,0,0,0,-2.5,0,85.5,0,6.9,0,997.6,0
2021,1,8,9,147.48,0,0,-0.4,0,0,0,-2.5,0,85.7,0,6.6,0,997.6,0
2021,1,8,10,147.3,0,0,-0.3,0,0,0,-2.5,0,85.5,0,7,0,997.6,0
2021,1,8,11,147.12,0,0,-0.3,0,0,0,-2.5,0,85.6,0,6.8,0,997.6,0
2021,1,8,12,146.94,0,0,-0.3,0,0,0,-2.5,0,85.9,0,6.4,0,997.5,0
2021,1,8,13,146.76,0,0,-0.4,0,0,0,-2.5,0,85.8,0,7.3,0,997.5,0
2021,1,8,14,146.58,0,0,-0.4,0,0,0,-2.5,0,85.8,0,6.4,0,997.5,0
2021,1,8,15,146.4,0,0,-0.4,0,0,0,-2.5,0,85.5,0,7,0,997.4,0
2021,1,8,16,146.22,0.1,0,-0.4,0,0,0,-2.5,0,85.5,0,6.3,0,997.4,0
2021,1,8,17,146.04,0.1,0,-0.4,0,0,0,-2.5,0,85.6,0,6.6,0,997.4,0
2021,1,8,18,145.86,0.1,0,-0.4,0,0,0,-2.5,0,85.6,0,6.5,0,997.3,0
2021,1,8,19,145.68,0.1,0,-0.4,0,0,0,-2.5,0,85.9,0,6.4,0,997.3,0
2021,1,8,20,145.5,0.1,0,-0.4,0,0,0,-2.5,0,85.7,0,7.7,0,997.3,0
2021,1,8,21,145.32,0,0,-0.4,0,0,0,-2.5,0,85.9,0,6.8,0,997.3,0
2021,1,8,22,145.14,0.1,0,-0.4,0,0,0,-2.5,0,85.9,0,6.4,0,997.3,0
2021,1,8,23,144.96,0,0,-0.4,0,0,0,-2.5,0,86.1,0,6.1,0,997.2,0
2021,1,8,24,144.78,0,0,-0.4,0,0,0,-2.5,0,86.1,0,7.1,0,997.2,0
2021,1,8,25,144.59,0,0,-0.4,0,0,0,-2.5,0,86,0,7.7,0,997.2,0
2021,1,8,26,144.41,0,0,-0.4,0,0,0,-2.5,0,85.6,0,7.7,0,997.2,0
2021,1,8,27,144.23,0,0,-0.3,0,0,0,-2.5,0,85.9,0,7,0,997.2,0
2021,1,8,28,144.04,0,0,-0.4,0,0,0,-2.5,0,85.9,0,7.5,0,997.1,0
2021,1,8,29,143.86,0,0,-0.3,0,0,0,-2.5,0,85.9,0,7.2,0,997.1,0
2021,1,8,30,143.68,0,0,-0.3,0,0,0,-2.5,0,86,0,6.8,0,997,0
2021,1,8,31,143.49,0.1,0,-0.3,0,0,0,-2.5,0,85.9,0,6.5,0,997,0
2021,1,8,32,143.31,0,0,-0.4,0,0,0,-2.5,0,86.3,0,5.9,0,997,0
2021,1,8,33,143.13,0,0,-0.3,0,0,0,-2.5,0,86.3,0,6.6,0,997,0
2021,1,8,34,142.94,0,0,-0.2,0,0,0,-2.5,0,86.3,0,6.3,0,997,0
2021,1,8,35,142.76,0,0,-0.2,0,0,0,-2.5,0,86.2,0,7.2,0,997,0
2021,1,8,36,142.57,0,0,-0.3,0,0,0,-2.5,0,85.8,0,7.8,0,997,0
2021,1,8,37,142.39,0,0,-0.1,0,0,0,-2.5,0,85.7,0,7.1,0,997,0
2021,1,8,38,142.2,0,0,-0.1,0,0,0,-2.5,0,85.6,0,7.1,0,997,0
2021,1,8,39,142.02,0,0,-0.2,0,0,0,-2.5,0,85.7,0,6.4,0,997,0
2021,1,8,40,141.83,0,0,0,0,0,0,-2.4,0,85.7,0,6.7,0,996.9,0
2021,1,8,41,141.65,0,0,-0.2,0,0,0,-2.4,0,85.4,0,8.2,0,996.9,0
2021,1,8,42,141.46,0,0,-0.2,0,0,0,-2.4,0,85.3,0,7.3,0,996.9,0
2021,1,8,43,141.27,0,0,-0.2,0,0,0,-2.4,0,85.8,0,5.7,0,996.9,0
2021,1,8,44,141.09,0.1,0,-0.1,0,0,0,-2.4,0,85.9,0,6.3,0,996.9,0
2021,1,8,45,140.9,0,0,0,0,0,0,-2.4,0,86,0,6.5,0,996.9,0
2021,1,8,46,140.72,0,0,0,0,0,0,-2.4,0,85.8,0,5.8,0,996.8,0
2021,1,8,47,140.53,0,0,-0.1,0,0,0,-2.4,0,85.7,0,6.5,0,996.8,0
2021,1,8,48,140.34,0,0,-0.2,0,0,0,-2.4,0,85.7,0,6.7,0,996.8,0
2021,1,8,49,140.16,0.2,0,-0.3,0,0,0,-2.4,0,86,0,6.2,0,996.7,0
2021,1,8,50,139.97,0.4,0,-0.1,0,0,0,-2.4,0,85.6,0,7.3,0,996.7,0
2021,1,8,51,139.78,0.4,0,-0.3,0,0,0,-2.4,0,85.7,0,6.9,0,996.6,0
2021,1,8,52,139.59,0.4,0,-0.4,0,0,0,-2.4,0,86.2,0,5.4,0,996.6,0
2021,1,8,53,139.41,0.4,0,-0.4,0,0,0,-2.4,0,86.3,0,6.2,0,996.5,0
2021,1,8,54,139.22,0.4,0,-0.4,0,0,0,-2.4,0,85.9,0,6,0,996.5,0
2021,1,8,55,139.03,0.3,0,-0.4,0,0,0,-2.4,0,86.2,0,5.6,0,996.5,0
2021,1,8,56,138.84,0,0,-0.4,0,0,0,-2.4,0,86.3,0,5.4,0,996.5,0
2021,1,8,57,138.66,0,0,-0.4,0,0,0,-2.4,0,86.6,0,5.3,0,996.6,0
2021,1,8,58,138.47,0,0,-0.4,0,0,0,-2.4,0,86.4,0,5.4,0,996.7,0
2021,1,8,59,138.28,0.1,0,-0.4,0,0,0,-2.4,0,86.1,0,6.3,0,996.7,0
2021,1,9,0,138.09,0,0,-0.4,0,0,0,-2.4,0,86.3,0,6.3,0,996.7,0
2021,1,9,1,137.9,0,0,-0.4,0,0,0,-2.3,0,86.5,0,5.1,0,996.6,0
2021,1,9,2,137.71,0,0,-0.4,0,0,0,-2.3,0,86.9,0,4.9,0,996.6,0
2021,1,9,3,137.52,0,0,-0.4,0,0,0,-2.3,0,86.8,0,6.1,0,996.6,0
2021,1,9,4,137.34,0,0,-0.4,0,0,0,-2.3,0,86.7,0,6.3,0,996.7,0
2021,1,9,5,137.15,0,0,-0.4,0,0,0,-2.3,0,86.6,0,6,0,996.7,0
2021,1,9,6,136.96,0,0,-0.4,0,0,0,-2.3,0,86.8,0,5.3,0,996.8,0
2021,1,9,7,136.77,0,0,-0.4,0,0,0,-2.3,0,86.9,0,6.1,0,996.8,0
2021,1,9,8,136.58,0,0,-0.4,0,0,0,-2.3,0,86.2,0,6.9,0,996.7,0
2021,1,9,9,136.39,0,0,-0.4,0,0,0,-2.3,0,85.7,0,7.6,0,996.7,0
2021,1,9,10,136.2,0,0,-0.4,0,0,0,-2.3,0,85.2,0,7.5,0,996.6,0
2021,1,9,11,136.01,0,0,-0.4,0,0,0,-2.3,0,85.6,0,6.8,0,996.6,0
2021,1,9,12,135.82,0,0,-0.4,0,0,0,-2.3,0,86.1,0,6.2,0,996.6,0
2021,1,9,13,135.63,0,0,-0.4,0,0,0,-2.3,0,86.9,0,4.8,0,996.5,0
2021,1,9,14,135.44,0,0,-0.4,0,0,0,-2.3,0,87.2,0,4.5,0,996.6,0
2021,1,9,15,135.25,0,0,-0.4,0,0,0,-2.3,0,87.3,0,5.2,0,996.6,0
2021,1,9,16,135.06,0,0,-0.4,0,0,0,-2.3,0,86.7,0,6.1,0,996.5,0
2021,1,9,17,134.87,0,0,-0.3,0,0,0,-2.3,0,86.7,0,6.1,0,996.5,0
2021,1,9,18,134.68,0,0,-0.3,0,0,0,-2.3,0,86.9,0,5.6,0,996.4,0
2021,1,9,19,134.49,0,0,-0.3,0,0,0,-2.3,0,86.9,0,5,0,996.3,0
2021,1,9,20,134.3,0.1,0,-0.3,0,0,0,-2.3,0,87,0,5.8,0,996.2,0
2021,1,9,21,134.11,0.2,0,-0.3,0,0,0,-2.3,0,86.9,0,5.6,0,996.1,0
2021,1,9,22,133.92,0.3,0,-0.4,0,0,0,-2.3,0,87,0,5.8,0,996.1,0
2021,1,9,23,133.73,0.4,0,-0.4,0,0,0,-2.3,0,87.4,0,4.9,0,996,0
2021,1,9,24,133.54,0.4,0,-0.4,0,0,0,-2.3,0,87.5,0,5.1,0,995.9,0
2021,1,9,25,133.35,0.3,0,-0.1,0,0,0,-2.3,0,87.4,0,6,0,995.9,0
2021,1,9,26,133.16,0.4,0,-0.2,0,0,0,-2.3,0,87.3,0,6.4,0,995.8,0
2021,1,9,27,132.97,0.4,0,-0.3,0,0,0,-2.3,0,87.1,0,7.4,0,995.8,0
2021,1,9,28,132.78,0.4,0,-0.4,0,0,0,-2.3,0,87.5,0,5.8,0,995.7,0
2021,1,9,29,132.59,0.4,0,-0.3,0,0,0,-2.3,0,87.8,0,7,0,995.6,0
2021,1,9,30,132.4,0.4,0,-0.3,0,0,0,-2.2,0,87.6,0,7.2,0,995.5,0
2021,1,9,31,132.21,0.4,0,-0.3,0,0,0,-2.2,0,87.9,0,6.3,0,995.5,0
2021,1,9,32,132.02,0.4,0,-0.4,0,0,0,-2.2,0,88.4,0,6.8,0,995.5,0
2021,1,9,33,131.82,0.4,0,-0.4,0,0,0,-2.3,0,87.8,0,7.3,0,995.4,0
2021,1,9,34,131.63,0.4,0,-0.4,0,0,0,-2.2,0,87.7,0,7.7,0,995.4,0
2021,1,9,35,131.44,0.4,0,-0.4,0,0,0,-2.3,0,87.4,0,7.5,0,995.3,0
2021,1,9,36,131.25,0.4,0,-0.4,0,0,0,-2.3,0,87.6,0,6.8,0,995.3,0
2021,1,9,37,131.06,0.4,0,-0.4,0,0,0,-2.2,0,87.7,0,7.7,0,995.3,0
2021,1,9,38,130.87,0.4,0,-0.4,0,0,0,-2.2,0,88.2,0,6.2,0,995.3,0
2021,1,9,39,130.68,0.4,0,-0.4,0,0,0,-2.2,0,87.7,0,7.9,0,995.3,0
2021,1,9,40,130.49,0.4,0,-0.4,0,0,0,-2.2,0,87.6,0,6.4,0,995.3,0
2021,1,9,41,130.3,0.4,0,-0.4,0,0,0,-2.2,0,87.8,0,7.2,0,995.2,0
2021,1,9,42,130.1,0.4,0,0,0,0,0,-2.2,0,87.9,0,7.5,0,995.1,0
2021,1,9,43,129.91,0.4,0,-0.1,0,0,0,-2.1,0,87.5,0,8.5,0,995,0
2021,1,9,44,129.72,0.4,0,-0.4,0,0,0,-2.1,0,87.3,0,8.6,0,995,0
2021,1,9,45,129.53,0.4,0,-0.1,0,0,0,-2.1,0,87.7,0,7.5,0,994.9,0
2021,1,9,46,129.34,0.4,0,-0.1,0,0,0,-2.1,0,87.6,0,9.2,0,994.8,0
2021,1,9,47,129.15,0.4,0,-0.3,0,0,0,-2.1,0,87.5,0,8.2,0,994.7,0
2021,1,9,48,128.96,0.4,0,-0.4,0,0,0,-2.1,0,88.3,0,7,0,994.6,0
2021,1,9,49,128.77,0.4,0,-0.4,0,0,0,-2.1,0,88,0,8.1,0,994.5,0
2021,1,9,50,128.57,0.4,0,-0.4,0,0,0,-2.1,0,87.9,0,8,0,994.4,0
2021,1,9,51,128.38,0.4,0,-0.4,0,0,0,-2.1,0,88.3,0,8.6,0,994.4,0
2021,1,9,52,128.19,0.4,0,-0.4,0,0,0,-2.1,0,88.2,0,8.6,0,994.3,0
2021,1,9,53,128,0.4,0,-0.4,0,0,0,-2.1,0,89,0,7.6,0,994.3,0
2021,1,9,54,127.81,0.4,0,-0.4,0,0,0,-2.1,0,88.3,0,8.2,0,994.3,0
2021,1,9,55,127.62,0.4,0,-0.1,0,0,0,-2,0,88.9,0,6.6,0,994.3,0
2021,1,9,56,127.43,0.4,0,-0.4,0,0,0,-2,0,88.6,0,8.8,0,994.2,0
2021,1,9,57,127.24,0.4,0,-0.4,0,0,0,-2.1,0,88.1,0,8.9,0,994.2,0
2021,1,9,58,127.04,0.4,0,-0.4,0,0,0,-2.1,0,87.9,0,9.6,0,994.1,0
2021,1,9,59,126.85,0.4,0,-0.4,0,0,0,-2.1,0,87.9,0,8.1,0,994,0
2021,1,10,0,126.66,0.4,0,-0.4,0,0,0,-2,0,88.8,0,7.6,0,994,0
2021,1,10,1,126.47,0.4,0,-0.4,0,0,0,-2,0,88.5,0,9,0,993.9,0
2021,1,10,2,126.28,0.4,0,-0.4,0,0,0,-2.1,0,88.3,0,9.2,0,993.7,0
2021,1,10,3,126.09,0.4,0,-0.4,0,0,0,-2.1,0,88.3,0,9.5,0,993.6,0
2021,1,10,4,125.9,0.4,0,-0.4,0,0,0,-2.1,0,87.9,0,9.7,0,993.5,0
2021,1,10,5,125.71,0.4,0,-0.4,0,0,0,-2.1,0,88.1,0,9.9,0,993.5,0
2021,1,10,6,125.51,0.4,0,-0.4,0,0,0,-2.1,0,88,0,9.5,0,993.4,0
2021,1,10,7,125.32,0.4,0,-0.4,0,0,0,-2,0,88.3,0,8.8,0,993.3,0
2021,1,10,8,125.13,0.4,0,-0.4,0,0,0,-2,0,88.6,0,9,0,993.3,0
2021,1,10,9,124.94,0.4,0,-0.4,0,0,0,-2,0,88.5,0,8.8,0,993.2,0
2021,1,10,10,124.75,0.4,0,-0.4,0,0,0,-2,0,88.1,0,8.7,0,993.2,0
2021,1,10,11,124.56,0.4,0,-0.4,0,0,0,-2,0,88.5,0,8.9,0,993.1,0
2021,1,10,12,124.37,0.4,0,-0.4,0,0,0,-2,0,88.4,0,9.1,0,993.1,0
2021,1,10,13,124.18,0.4,0,-0.4,0,0,0,-2,0,88.4,0,9.2,0,993,0
2021,1,10,14,123.98,0.4,0,-0.4,0,0,0,-2,0,88.3,0,9.7,0,993,0
2021,1,10,15,123.79,0.4,0,-0.4,0,0,0,-2,0,88.4,0,7.9,0,993,0
2021,1,10,16,123.6,0.4,0,-0.4,0,0,0,-2,0,88.7,0,9,0,993,0
2021,1,10,17,123.41,0.4,0,-0.4,0,0,0,-2,0,88.8,0,8.6,0,993,0
2021,1,10,18,123.22,0.4,0,-0.4,0,0,0,-2,0,88.7,0,9.5,0,993,0
2021,1,10,19,123.03,0.3,0,-0.4,0,0,0,-2,0,88.3,0,9.5,0,993,0
2021,1,10,20,122.84,0.2,0,-0.4,0,0,0,-2,0,88.3,0,8.6,0,992.9,0
2021,1,10,21,122.65,0.3,0,-0.4,0,0,0,-2,0,88.4,0,9.6,0,992.8,0
2021,1,10,22,122.46,0.3,0,-0.4,0,0,0,-2,0,88.3,0,10,0,992.7,0
2021,1,10,23,122.27,0.2,0,-0.4,0,0,0,-2,0,88,0,9.8,0,992.7,0
2021,1,10,24,122.07,0.1,0,-0.4,0,0,0,-2,0,88.2,0,8.5,0,992.8,0
2021,1,10,25,121.88,0.1,0,-0.4,0,0,0,-1.9,0,88.5,0,7.7,0,992.8,0
2021,1,10,26,121.69,0.1,0,-0.4,0,0,0,-1.9,0,88.1,0,9.1,0,992.7,0
2021,1,10,27,121.5,0.1,0,-0.4,0,0,0,-1.9,0,88.1,0,7.5,0,992.7,0
2021,1,10,28,121.31,0,0,-0.4,0,0,0,-1.9,0,88.4,0,7.4,0,992.6,0
2021,1,10,29,121.12,0,0,-0.4,0,0,0,-1.9,0,88.5,0,8.1,0,992.6,0
2021,1,10,30,120.93,0,0,-0.4,0,0,0,-1.9,0,88.3,0,9.3,0,992.5,0
2021,1,10,31,120.74,0.2,0,-0.4,0,0,0,-2,0,88.7,0,8.8,0,992.4,0
2021,1,10,32,120.55,0.1,0,-0.4,0,0,0,-2,0,88.6,0,8.5,0,992.3,0
2021,1,10,33,120.36,0.2,0,-0.4,0,0,0,-2,0,89,0,8.5,0,992.2,0
2021,1,10,34,120.17,0.1,0,-0.4,0,0,0,-2,0,89,0,9.3,0,992.2,0
2021,1,10,35,119.98,0.1,0,-0.4,0,0,0,-2,0,88.5,0,10.1,0,992.2,0
2021,1,10,36,119.79,0,0,-0.4,0,0,0,-1.9,0,88.6,0,8.4,0,992.1,0
2021,1,10,37,119.6,0,0,-0.4,0,0,0,-2,0,88.6,0,9.3,0,992.1,0
2021,1,10,38,119.41,0.1,0,-0.4,0,0,0,-2,0,88.7,0,9.4,0,992,0
2021,1,10,39,119.22,0,0,-0.4,0,0,0,-2,0,88.6,0,9.5,0,991.9,0
2021,1,10,40,119.03,0.1,0,-0.4,0,0,0,-2,0,88.5,0,9.5,0,991.8,0
2021,1,10,41,118.84,0.1,0,-0.4,0,0,0,-2,0,88.3,0,10,0,991.7,0
2021,1,10,42,118.65,0.1,0,-0.4,0,0,0,-2,0,88.4,0,9.3,0,991.7,0
2021,1,10,43,118.46,0.2,0,-0.4,0,0,0,-2,0,88.8,0,9.1,0,991.7,0
2021,1,10,44,118.27,0.3,0,-0.4,0,0,0,-2,0,88.6,0,10.1,0,991.7,0
2021,1,10,45,118.08,0.2,0,-0.4,0,0,0,-1.9,0,88.4,0,9.9,0,991.7,0
2021,1,10,46,117.89,0.2,0,-0.4,0,0,0,-1.9,0,88.2,0,9.1,0,991.7,0
2021,1,10,47,117.7,0.2,0,-0.4,0,0,0,-1.9,0,88.7,0,7.5,0,991.7,0
2021,1,10,48,117.51,0.4,0,-0.4,0,0,0,-1.9,0,88.9,0,9.7,0,991.7,0
2021,1,10,49,117.32,0.3,0,-0.3,0,0,0,-1.9,0,88.4,0,10,0,991.7,0
2021,1,10,50,117.13,0.1,0,-0.4,0,0,0,-1.9,0,88.2,0,9,0,991.6,0
2021,1,10,51,116.94,0.1,0,-0.3,0,0,0,-1.9,0,88.4,0,8.7,0,991.6,0
2021,1,10,52,116.75,0.2,0,-0.3,0,0,0,-1.9,0,88.3,0,10.5,0,991.5,0
2021,1,10,53,116.56,0.2,0,-0.3,0,0,0,-1.9,0,87.9,0,10.3,0,991.5,0
2021,1,10,54,116.37,0.2,0,-0.3,0,0,0,-1.9,0,88.1,0,9.3,0,991.4,0
2021,1,10,55,116.18,0.2,0,-0.3,0,0,0,-1.9,0,88.3,0,9.6,0,991.4,0
2021,1,10,56,115.99,0.3,0,-0.2,0,0,0,-1.9,0,88.1,0,9.1,0,991.4,0
2021,1,10,57,115.81,0.3,0,-0.1,0,0,0,-1.9,0,88.4,0,8,0,991.4,0
2021,1,10,58,115.62,0.4,0,0.1,0,0,0,-1.9,0,88.9,0,7.6,0,991.3,0
2021,1,10,59,115.43,0.4,0,-0.3,0,0,0,-1.9,0,89,0,9.1,0,991.3,0
2021,1,11,0,115.24,0.4,0,-0.3,0,0,0,-1.8,0,88.8,0,9.5,0,991.2,0
2021,1,11,1,115.05,0.3,0,-0.3,0,0,0,-1.8,0,88.6,0,9.6,0,991.2,0
2021,1,11,2,114.86,0.4,0,-0.2,0,0,0,-1.8,0,88.8,0,8.6,0,991.2,0
2021,1,11,3,114.67,0.2,0,-0.3,0,0,0,-1.8,0,88.7,0,9.6,0,991.2,0
2021,1,11,4,114.49,0.1,0,-0.3,0,0,0,-1.8,0,89,0,8,0,991.3,0
2021,1,11,5,114.3,0.1,0,-0.3,0,0,0,-1.8,0,89.3,0,7.7,0,991.4,0
2021,1,11,6,114.11,0.1,0,-0.1,0,0,0,-1.8,0,89.4,0,7.6,0,991.4,0
2021,1,11,7,113.92,0.3,0,-0.2,0,0,0,-1.8,0,89.2,0,7.7,0,991.4,0
2021,1,11,8,113.73,0.3,0,-0.1,0,0,0,-1.8,0,89.4,0,7.4,0,991.4,0
2021,1,11,9,113.54,0.3,0,0,0,0,0,-1.8,0,89.2,0,8.9,0,991.4,0
2021,1,11,10,113.36,0.4,0,0.1,0,0,0,-1.7,0,88.9,0,9.2,0,991.4,0
2021,1,11,11,113.17,0.4,0,0,0,0,0,-1.7,0,88.5,0,8.3,0,991.4,0
2021,1,11,12,112.98,0.4,0,0.3,0,0,0,-1.6,0,88.5,0,8.5,0,991.5,0
2021,1,11,13,112.79,0.4,0,0.4,0,0,0,-1.6,0,88.5,0,8.4,0,991.5,0
2021,1,11,14,112.61,0.4,0,0.1,0,0,0,-1.6,0,88.5,0,7.7,0,991.5,0
2021,1,11,15,112.42,0.4,0,0.1,0,0,0,-1.6,0,88.6,0,8.6,0,991.4,0
2021,1,11,16,112.23,0.4,0,0,0,0,0,-1.6,0,88.6,0,9,0,991.4,0
2021,1,11,17,112.04,0.4,0,-0.3,0,0,0,-1.6,0,88.8,0,8.1,0,991.4,0
2021,1,11,18,111.86,0.4,0,-0.3,0,0,0,-1.6,0,88.9,0,9.5,0,991.4,0
2021,1,11,19,111.67,0.4,0,-0.1,0,0,0,-1.6,0,88.7,0,9.2,0,991.4,0
2021,1,11,20,111.48,0.4,0,-0.1,0,0,0,-1.6,0,88.8,0,8.4,0,991.4,0
2021,1,11,21,111.3,0.4,0,0.2,0,0,0,-1.5,0,89.2,0,8.4,0,991.3,0
2021,1,11,22,111.11,0.4,0,0,0,0,0,-1.5,0,89.1,0,9.4,0,991.3,0
2021,1,11,23,110.92,0.4,0,-0.1,0,0,0,-1.5,0,88.6,0,9.6,0,991.2,0
2021,1,11,24,110.74,0.4,0,-0.3,0,0,0,-1.5,0,89.2,0,8.5,0,991.2,0
2021,1,11,25,110.55,0.4,0,-0.2,0,0,0,-1.5,0,89.3,0,8.7,0,991.2,0
2021,1,11,26,110.37,0.4,0,-0.3,0,0,0,-1.4,0,89.1,0,8.3,0,991.3,0
2021,1,11,27,110.18,0.4,0,-0.2,0,0,0,-1.4,0,88.9,0,8.6,0,991.3,0
2021,1,11,28,109.99,0.4,0,0,0,0,0,-1.4,0,88.9,0,8.3,0,991.4,0
2021,1,11,29,109.81,0.4,0,0,0,0,0,-1.4,0,89.1,0,6.4,0,991.5,0
2021,1,11,30,109.62,0.4,0,-0.1,0,0,0,-1.3,0,89.4,0,6.7,0,991.5,0
2021,1,11,31,109.44,0.4,0,0.4,0,0,0,-1.3,0,88.9,0,7.2,0,991.6,0
2021,1,11,32,109.25,0.4,0,0,0,0,0,-1.3,0,89.3,0,5.7,0,991.6,0
2021,1,11,33,109.07,0.4,0,-0.1,0,0,0,-1.3,0,89.6,0,6.1,0,991.6,0
2021,1,11,34,108.88,0.4,0,-0.2,0,0,0,-1.3,0,89.2,0,7.8,0,991.6,0
2021,1,11,35,108.69,0.4,0,-0.3,0,0,0,-1.3,0,88.9,0,7.1,0,991.6,0
2021,1,11,36,108.51,0.4,0,-0.1,0,0,0,-1.3,0,88.9,0,7.6,0,991.5,0
2021,1,11,37,108.32,0.4,0,-0.2,0,0,0,-1.3,0,88.7,0,6.8,0,991.5,0
2021,1,11,38,108.14,0.4,0,-0.2,0,0,0,-1.3,0,88.9,0,6.3,0,991.4,0
2021,1,11,39,107.96,0.4,0,-0.3,0,0,0,-1.2,0,89.2,0,7.8,0,991.2,0
2021,1,11,40,107.77,0.4,0,-0.1,0,0,0,-1.2,0,88.8,0,8.4,0,991.2,0
2021,1,11,41,107.59,0.4,0,0,0,0,0,-1.2,0,88.6,0,9.1,0,991.1,0
2021,1,11,42,107.4,0.4,0,0.1,0,0,0,-1.2,0,88.6,0,8.2,0,991.1,0
2021,1,11,43,107.22,0.4,0,0,0,0,0,-1.2,0,89.2,0,6.9,0,991.1,0
2021,1,11,44,107.03,0.4,0,0,0,0,0,-1.1,0,89.6,0,7.6,0,991.1,0
2021,1,11,45,106.85,0.4,0,-0.1,0,0,0,-1.2,0,89.4,0,7.6,0,991.1,0
2021,1,11,46,106.67,0.4,0,-0.3,0,0,0,-1.2,0,89.5,0,7.6,0,991.1,0
2021,1,11,47,106.48,0.4,0,-0.1,0,0,0,-1.2,0,89.6,0,7.6,0,991.1,0
2021,1,11,48,106.3,0.4,0,0,0,0,0,-1.2,0,89.9,0,7.4,0,991.1,0
2021,1,11,49,106.12,0.4,0,-0.3,0,0,0,-1.2,0,89.9,0,7,0,991,0
2021,1,11,50,105.93,0.4,0,-0.2,0,0,0,-1.1,0,90.2,0,7.7,0,991,0
2021,1,11,51,105.75,0.4,0,-0.4,0,0,0,-1.1,0,90,0,7.7,0,990.9,0
2021,1,11,52,105.57,0.4,0,-0.3,0,0,0,-1.1,0,90.1,0,6.7,0,990.9,0
2021,1,11,53,105.38,0.4,0,-0.3,0,0,0,-1.1,0,90.1,0,6.7,0,990.8,0
2021,1,11,54,105.2,0.4,0,-0.4,0,0,0,-1.1,0,90.1,0,6.7,0,990.9,0
2021,1,11,55,105.02,0.4,0,-0.4,0,0,0,-1.1,0,89.9,0,7,0,990.9,0
2021,1,11,56,104.84,0.4,0,-0.4,0,0,0,-1.1,0,89.8,0,6.4,0,990.9,0
2021,1,11,57,104.65,0.4,0,-0.4,0,0,0,-1,0,89.8,0,6.4,0,990.9,0
2021,1,11,58,104.47,0.4,0,-0.4,0,0,0,-1,0,89.8,0,6.5,0,990.8,0
2021,1,11,59,104.29,0.4,0,-0.4,0,0,0,-1,0,89.7,0,6.8,0,990.7,0
2021,1,12,0,104.11,0.4,0,-0.4,0,0,0,-1,0,89,0,8,0,990.7,0
2021,1,12,1,103.93,0.4,0,-0.4,0,0,0,-1,0,88.9,0,7.6,0,990.7,0
2021,1,12,2,103.74,0.4,0,-0.4,0,0,0,-1,0,89,0,7.6,0,990.7,0
2021,1,12,3,103.56,0.4,0,-0.4,0,0,0,-0.9,0,88.6,0,8.5,0,990.7,0
2021,1,12,4,103.38,0.4,0,-0.4,0,0,0,-1,0,88.6,0,6.9,0,990.7,0
2021,1,12,5,103.2,0.4,0,-0.4,0,0,0,-1,0,88.4,0,8.2,0,990.6,0
2021,1,12,6,103.02,0.4,0,-0.1,0,0,0,-0.9,0,88.8,0,7.7,0,990.6,0
2021,1,12,7,102.84,0.4,0,0,0,0,0,-0.9,0,88.9,0,7,0,990.6,0
2021,1,12,8,102.66,0.4,0,0,0,0,0,-0.9,0,89.1,0,7.2,0,990.6,0
2021,1,12,9,102.48,0.4,0,0,0,0,0,-0.9,0,89.4,0,6.9,0,990.6,0
2021,1,12,10,102.3,0.4,0,-0.1,0,0,0,-0.9,0,90,0,5.9,0,990.6,0
2021,1,12,11,102.12,0.4,0,-0.3,0,0,0,-0.9,0,90.4,0,4.7,0,990.6,0
2021,1,12,12,101.94,0.4,0,-0.3,0,0,0,-0.9,0,90.5,0,5.4,0,990.5,0
2021,1,12,13,101.76,0.5,0,-0.2,0,0,0,-0.9,0,90.4,0,5.7,0,990.5,0
2021,1,12,14,101.58,0.6,0,-0.3,0,0,0,-0.9,0,90.6,0,5,0,990.5,0
2021,1,12,15,101.4,0.4,0,-0.3,0,0,0,-0.9,0,90.7,0,5.9,0,990.5,0
2021,1,12,16,101.22,0.4,0,-0.3,0,0,0,-0.9,0,90.5,0,6.5,0,990.4,0
2021,1,12,17,101.04,0.4,0,-0.4,0,0,0,-0.9,0,90.3,0,6.9,0,990.4,0
2021,1,12,18,100.86,0.4,0,-0.3,0,0,0,-0.9,0,90.4,0,7.2,0,990.3,0
2021,1,12,19,100.69,0.4,0,-0.3,0,0,0,-0.9,0,90.5,0,7.7,0,990.2,0
2021,1,12,20,100.51,0.4,0,-0.3,0,0,0,-0.9,0,90.4,0,7.6,0,990.1,0
2021,1,12,21,100.33,0.4,0,-0.4,0,0,0,-0.9,0,90.2,0,8.1,0,990,0
2021,1,12,22,100.15,0.4,0,-0.4,0,0,0,-0.9,0,90.1,0,8.4,0,990,0
2021,1,12,23,99.97,0.4,0,-0.4,0,0,0,-0.8,0,90.5,0,7.2,0,990,0
2021,1,12,24,99.8,0.4,0,-0.4,0,0,0,-0.8,0,90.3,0,8.7,0,990,0
2021,1,12,25,99.62,0.4,0,-0.4,0,0,0,-0.8,0,90.2,0,8.1,0,990,0
2021,1,12,26,99.44,0.4,0,-0.4,0,0,0,-0.8,0,90.1,0,8.5,0,989.9,0
2021,1,12,27,99.26,0.4,0,-0.4,0,0,0,-0.8,0,89.8,0,8,0,989.9,0
2021,1,12,28,99.09,0.4,0,-0.4,0,0,0,-0.8,0,90.1,0,7.5,0,989.8,0
2021,1,12,29,98.91,0.4,0,-0.4,0,0,0,-0.8,0,90.1,0,7.2,0,989.8,0
2021,1,12,30,98.73,0.4,0,-0.4,0,0,0,-0.8,0,90,0,8.8,0,989.7,0
2021,1,12,31,98.56,0.4,0,-0.4,0,0,0,-0.7,0,90.1,0,7.2,0,989.6,0
2021,1,12,32,98.38,0.4,0,-0.4,0,0,0,-0.7,0,90.2,0,7.8,0,989.5,0
2021,1,12,33,98.2,0.4,0,-0.4,0,0,0,-0.7,0,90.4,0,6.6,0,989.4,0
2021,1,12,34,98.03,0.4,0,-0.4,0,0,0,-0.7,0,90.7,0,7.6,0,989.4,0
2021,1,12,35,97.85,0.4,0,-0.4,0,0,0,-0.7,0,90.3,0,8.4,0,989.4,0
2021,1,12,36,97.68,0.4,0,-0.4,0,0,0,-0.6,0,90,0,8.8,0,989.3,0
2021,1,12,37,97.5,0.4,0,-0.4,0,0,0,-0.6,0,89.3,0,9.1,0,989.3,0
2021,1,12,38,97.33,0.4,0,-0.3,0,0,0,-0.6,0,89.6,0,8.3,0,989.3,0
2021,1,12,39,97.15,0.4,0,-0.4,0,0,0,-0.6,0,89.9,0,7.5,0,989.2,0
2021,1,12,40,96.98,0.4,0,-0.4,0,0,0,-0.6,0,89.8,0,8.1,0,989.2,0
2021,1,12,41,96.8,0.4,0,-0.4,0,0,0,-0.6,0,89.9,0,7.1,0,989.1,0
2021,1,12,42,96.63,0.4,0,-0.2,0,0,0,-0.6,0,89.9,0,7.3,0,989.1,0
2021,1,12,43,96.46,0.4,0,-0.3,0,0,0,-0.6,0,90.1,0,6.4,0,989.1,0
2021,1,12,44,96.28,0.4,0,-0.3,0,0,0,-0.5,0,90.2,0,7.1,0,989.1,0
2021,1,12,45,96.11,0.4,0,-0.4,0,0,0,-0.5,0,90.1,0,6.5,0,989.2,0
2021,1,12,46,95.93,0.4,0,-0.4,0,0,0,-0.5,0,90,0,6.6,0,989.2,0
2021,1,12,47,95.76,0.4,0,-0.4,0,0,0,-0.5,0,90.1,0,7.3,0,989.1,0
2021,1,12,48,95.59,0.4,0,-0.4,0,0,0,-0.5,0,89.7,0,7.3,0,989.1,0
2021,1,12,49,95.42,0.4,0,-0.3,0,0,0,-0.5,0,89.4,0,6.3,0,989.1,0
2021,1,12,50,95.24,0.4,0,-0.2,0,0,0,-0.5,0,89.6,0,5.6,0,989.2,0
2021,1,12,51,95.07,0.4,0,-0.2,0,0,0,-0.5,0,89.9,0,6.3,0,989.3,0
2021,1,12,52,94.9,0.4,0,-0.3,0,0,0,-0.4,0,90.1,0,4.9,0,989.4,0
2021,1,12,53,94.73,0.4,0,-0.4,0,0,0,-0.4,0,90.3,0,4.6,0,989.4,0
2021,1,12,54,94.56,0.4,0,-0.3,0,0,0,-0.4,0,90.3,0,5,0,989.3,0
2021,1,12,55,94.38,0.4,0,-0.3,0,0,0,-0.4,0,90.2,0,6.1,0,989.3,0
2021,1,12,56,94.21,0.4,0,-0.3,0,0,0,-0.4,0,90.1,0,5.6,0,989.2,0
2021,1,12,57,94.04,0.4,0,-0.3,0,0,0,-0.4,0,90.2,0,5.3,0,989.2,0
2021,1,12,58,93.87,0.4,0,0,0,0,0,-0.4,0,90.1,0,6.1,0,989.2,0
2021,1,12,59,93.7,0.4,0,0,0,0,0,-0.4,0,90.1,0,5.8,0,989.2,0
2021,1,13,0,93.53,0.4,0,-0.2,0,0,0,-0.4,0,90,0,6.4,0,989.1,0
2021,1,13,1,93.36,0.4,0,-0.1,0,0,0,-0.3,0,89.6,0,6.2,0,989,0
2021,1,13,2,93.19,0.4,0,0,0,0,0,-0.3,0,89.7,0,6.1,0,988.9,0
2021,1,13,3,93.02,0.4,0,0,0,0,0,-0.3,0,89.5,0,6.3,0,988.9,0
2021,1,13,4,92.85,0.4,0,0,0,0,0,-0.3,0,89.3,0,7.2,0,988.8,0
2021,1,13,5,92.68,0.4,0,0.1,0,0,0,-0.3,0,89.2,0,6.7,0,988.7,0
2021,1,13,6,92.52,0.4,0,0.1,0,0,0,-0.3,0,89.4,0,6.2,0,988.7,0
2021,1,13,7,92.35,0.4,0,0.3,0,0,0,-0.3,0,89.5,0,6.4,0,988.6,0
2021,1,13,8,92.18,0.4,0,0.4,0,0,0,-0.3,0,89.7,0,6.8,0,988.6,0
2021,1,13,9,92.01,0.4,0,0.4,0,0,0,-0.3,0,89.6,0,6.8,0,988.6,0
2021,1,13,10,91.84,0.4,0,0.4,0,0,0,-0.2,0,89.4,0,6,0,988.5,0
2021,1,13,11,91.68,0.4,0,0.4,0,0,0,-0.2,0,89.4,0,6.3,0,988.5,0
2021,1,13,12,91.51,0.4,0,0.4,0,0,0,-0.2,0,89.4,0,6.5,0,988.5,0
2021,1,13,13,91.34,0.4,0,0.4,0,0,0,-0.2,0,89.3,0,6.5,0,988.4,0
2021,1,13,14,91.17,0.4,0,0.4,0,0.1,0,-0.2,0,89.1,0,6.8,0,988.3,0
2021,1,13,15,91.01,0.4,0,0.4,0,0.3,0,-0.2,0,89.2,0,6.8,0,988.3,0
2021,1,13,16,90.84,0.4,0,0.4,0,0.3,0,-0.1,0,89.3,0,6.5,0,988.3,0
2021,1,13,17,89.94,0.4,0,0.4,0,0.2,0,-0.1,0,89.3,0,6.8,0,988.3,0
2021,1,13,18,89.82,0.4,0,0.4,0,0.3,0,-0.1,0,89.3,0,6.8,0,988.2,0
2021,1,13,19,89.7,0.4,0,0.4,0,0.3,0,-0.1,0,89.3,0,6.4,0,988.2,0
2021,1,13,20,89.58,0.4,0,0.4,0,0.4,0,0,0,89.3,0,6.5,0,988.2,0
2021,1,13,21,89.45,0.4,0,0.4,0,0.4,0,0,0,89.1,0,6.2,0,988.2,0
2021,1,13,22,89.32,0.4,0,0.4,0,0.4,0,0,0,89,0,7.3,0,988.1,0
2021,1,13,23,89.19,0.4,0,0.4,0,0.4,0,-0.1,0,89,0,6.8,0,988.2,0
2021,1,13,24,89.05,0.3,0,0.4,0,0.4,0,-0.1,0,89.1,0,7.2,0,988.2,0
2021,1,13,25,88.91,0,0,0.4,0,0.4,0,-0.1,0,89.3,0,7.1,0,988.2,0
2021,1,13,26,88.77,0,0,0.4,0,0.4,0,-0.1,0,89.2,0,7.3,0,988.1,0
2021,1,13,27,88.63,0,0,0.4,0,0.4,0,0,0,89.3,0,6.9,0,988.1,0
2021,1,13,28,88.49,0,0,0.4,0,0.4,0,0,0,89.4,0,5.9,0,988.1,0
2021,1,13,29,88.34,0,0,0.4,0,0.4,0,0,0,89.7,0,5.1,0,988.1,0
2021,1,13,30,88.2,0,0,0.4,0,0.4,0,0,0,89.9,0,5.7,0,988.1,0
2021,1,13,31,88.05,0,0,0.4,0,0.4,0,0,0,90,0,6,0,988.2,0
2021,1,13,32,87.9,0,0,0.7,0,0.4,0,0,0,90.1,0,6.2,0,988.1,0
2021,1,13,33,87.76,0,0,0.8,0,0.4,0,0,0,90.2,0,5.4,0,988.1,0
2021,1,13,34,87.61,0,0,1.1,0,0.4,0,0,0,90.3,0,5.9,0,988.1,0
2021,1,13,35,87.46,0,0,1.1,0,0.5,0,0,0,90.2,0,6.1,0,988.1,0
2021,1,13,36,87.31,0,0,1.1,0,0.8,0,0,0,90.1,0,6.7,0,988,0
2021,1,13,37,87.16,0,0,1.1,0,0.8,0,0,0,90.3,0,6.5,0,988,0
2021,1,13,38,87.01,0,0,1.1,0,0.8,0,0,0,90.3,0,7.1,0,988,0
2021,1,13,39,86.86,0,0,1.1,0,0.8,0,0,0,90.6,0,7,0,988,0
2021,1,13,40,86.71,0,0,1.3,0,0.8,0,0,0,90.8,0,7.1,0,988,0
2021,1,13,41,86.55,0,0,1.5,0,0.8,0,0,0,91,0,6.9,0,987.9,0
2021,1,13,42,86.4,0,0,1.8,0,0.8,0,0,0,91.1,0,7.6,0,987.8,0
2021,1,13,43,86.25,0,0,1.9,0,1,0,0,0,91.1,0,7.9,0,987.8,0
2021,1,13,44,86.1,0,0,1.9,0,1.1,0,0,0,91,0,7.2,0,987.7,0
2021,1,13,45,85.95,0,0,1.9,0,1.1,0,-0.1,0,91.1,0,7.5,0,987.7,0
2021,1,13,46,85.8,0,0,2,0,1.1,0,-0.1,0,91.3,0,7.1,0,987.6,0
2021,1,13,47,85.65,0,0,2.6,0,1.2,0,-0.1,0,91.5,0,6.7,0,987.6,0
2021,1,13,48,85.49,0,0,2.6,0,1.5,0,-0.1,0,91.7,0,7.2,0,987.6,0
2021,1,13,49,85.34,0,0,2.6,0,1.5,0,-0.1,0,92,0,6.4,0,987.6,0
2021,1,13,50,85.19,0,0,2.6,0,1.5,0,-0.1,0,92.1,0,7.1,0,987.5,0
2021,1,13,51,85.04,0,0,3,0,1.6,0,-0.1,0,92.1,0,7,0,987.4,0
2021,1,13,52,84.89,0,0,3.8,0,2,0,-0.1,0,92.1,0,6.5,0,987.4,0
2021,1,13,53,84.74,0,0,4.6,0,2.3,0,-0.1,0,92.1,0,7.2,0,987.3,0
2021,1,13,54,84.59,0,0,4.8,0,2.6,0,-0.1,0,92.3,0,6.7,0,987.2,0
2021,1,13,55,84.44,0,0,4.8,0,2.5,0,-0.2,0,92.5,0,7.5,0,987.2,0
2021,1,13,56,84.28,0,0,4.2,0,2.3,0,-0.1,0,92.6,0,7,0,987.2,0
2021,1,13,57,84.13,0,0,3.9,0,2,0,-0.2,0,92.7,0,6,0,987.3,0
2021,1,13,58,83.98,0,0,3.4,0,1.9,0,-0.2,0,92.9,0,6.8,0,987.4,0
2021,1,13,59,83.83,0,0,3.2,0,1.5,0,-0.2,0,93,0,6.9,0,987.4,0
2021,1,14,0,83.68,0,0,3.2,0,1.7,0,-0.2,0,93,0,7.1,0,987.4,0
2021,1,14,1,83.53,0,0,2.6,0,1.5,0,-0.2,0,93,0,6.3,0,987.5,0
2021,1,14,2,83.38,0,0,2.8,0,1.5,0,-0.2,0,93.1,0,6,0,987.5,0
2021,1,14,3,83.24,0,0,2.9,0,1.5,0,-0.2,0,93.2,0,6.5,0,987.5,0
2021,1,14,4,83.09,0,0,3.3,0,1.8,0,-0.2,0,93.3,0,6.5,0,987.6,0
2021,1,14,5,82.94,0,0,3.6,0,2,0,-0.2,0,93.2,0,5.8,0,987.6,0
2021,1,14,6,82.79,0,0,4.1,0,2.3,0,-0.2,0,93.2,0,6.1,0,987.5,0
2021,1,14,7,82.64,0,0,4.1,0,2.3,0,-0.2,0,93.2,0,6.2,0,987.5,0
2021,1,14,8,82.49,0,0,4.1,0,2.3,0,-0.2,0,93.3,0,5.7,0,987.5,0
2021,1,14,9,82.35,0,0,4.1,0,2.3,0,-0.2,0,93.5,0,6.2,0,987.4,0
2021,1,14,10,82.2,0,0,4.4,0,2.4,0,-0.2,0,93.5,0,6,0,987.5,0
2021,1,14,11,82.05,0,0,4.9,0,2.7,0,-0.2,0,93.5,0,6,0,987.5,0
2021,1,14,12,81.91,0,0,5,0,2.7,0,-0.2,0,93.6,0,6,0,987.3,0
2021,1,14,13,81.76,0,0,5.2,0,2.6,0,-0.2,0,93.7,0,5.9,0,987.2,0
2021,1,14,14,81.61,0,0,4.1,0,2.3,0,-0.2,0,93.8,0,5.9,0,987.2,0
2021,1,14,15,81.47,0,0,4.1,0,2.3,0,-0.3,0,93.8,0,6.5,0,987.2,0
2021,1,14,16,81.32,0,0,3.9,0,2.1,0,-0.3,0,93.9,0,5.6,0,987.1,0
2021,1,14,17,81.18,0,0,3.4,0,1.9,0,-0.3,0,94.2,0,5.7,0,987.2,0
2021,1,14,18,81.03,0,0,3.4,0,1.9,0,-0.3,0,94.2,0,5.7,0,987.2,0
2021,1,14,19,80.89,0,0,3.4,0,1.9,0,-0.3,0,94.3,0,5.4,0,987.2,0
2021,1,14,20,80.74,0,0,4,0,2.3,0,-0.3,0,94.4,0,5.3,0,987.3,0
2021,1,14,21,80.6,0,0,4,0,2.3,0,-0.3,0,94.5,0,5.5,0,987.2,0
2021,1,14,22,80.46,0,0,3.4,0,1.9,0,-0.3,0,94.6,0,5.4,0,987.2,0
2021,1,14,23,80.31,0,0,3.4,0,1.9,0,-0.3,0,94.7,0,5.4,0,987.3,0
2021,1,14,24,80.17,0,0,3.4,0,2.1,0,-0.3,0,94.9,0,4.7,0,987.3,0
2021,1,14,25,80.03,0,0,3.3,0,1.9,0,-0.2,0,95,0,5,0,987.3,0
2021,1,14,26,79.89,0,0,3.4,0,2,0,-0.3,0,95,0,5.4,0,987.4,0
2021,1,14,27,79.75,0,0,3.4,0,2.2,0,-0.2,0,95.2,0,5.2,0,987.2,0
2021,1,14,28,79.61,0,0,4.5,0,2.5,0,-0.2,0,95.2,0,5.7,0,987.1,0
2021,1,14,29,79.47,0,0,4.3,0,2.4,0,-0.1,0,95.3,0,5.1,0,986.9,0
2021,1,14,30,79.32,0,0,4.8,0,2.8,0,-0.1,0,95.1,0,5.9,0,986.9,0
2021,1,14,31,79.19,0,0,4.7,0,2.7,0,-0.2,0,95.1,0,5.5,0,986.8,0
2021,1,14,32,79.05,0,0,4,0,2.3,0,-0.2,0,95.2,0,5.5,0,986.8,0
2021,1,14,33,78.91,0,0,4.3,0,2.5,0,-0.2,0,95.4,0,5.2,0,986.8,0
2021,1,14,34,78.77,0,0,5.5,0,3.1,0,-0.2,0,95.5,0,5.2,0,986.7,0
2021,1,14,35,78.63,0,0,5.6,0,3,0,-0.2,0,95.5,0,5.1,0,986.7,0
2021,1,14,36,78.49,0,0,5.6,0,3.1,0,-0.2,0,95.6,0,5,0,986.8,0
2021,1,14,37,78.35,0,0,6.8,0,3.8,0,-0.2,0,95.6,0,5.3,0,986.7,0
2021,1,14,38,78.22,0,0,8.1,0,4.4,0,-0.2,0,95.6,0,5.8,0,986.5,0
2021,1,14,39,78.08,0,0,7.9,0,4.4,0,-0.3,0,95.6,0,5.7,0,986.4,0
2021,1,14,40,77.94,0,0,8.1,0,4.6,0,-0.3,0,95.6,0,6.1,0,986.2,0
2021,1,14,41,77.81,0,0,9.6,0,5.3,0,-0.3,0,95.6,0,5.8,0,986.2,0
2021,1,14,42,77.67,0,0,10.4,0,5.8,0,-0.3,0,95.7,0,5.2,0,986,0
2021,1,14,43,77.54,0,0,10.9,0,6.1,0,-0.3,0,95.7,0,5.3,0,986.1,0
2021,1,14,44,77.4,0,0,10.5,0,5.8,0,-0.3,0,95.7,0,4.9,0,986,0
2021,1,14,45,77.27,0,0,8.2,0,4.6,0,-0.3,0,95.7,0,5.6,0,986,0
2021,1,14,46,77.14,0,0,6.3,0,3.5,0,-0.3,0,95.6,0,5.3,0,986.1,0
2021,1,14,47,77,0,0,4.3,0,2.5,0,-0.3,0,95.7,0,4.8,0,986.3,0
2021,1,14,48,76.87,0,0,3.4,0,2.2,0,-0.2,0,95.8,0,3.9,0,986.5,0
2021,1,14,49,76.74,0,0,4.1,0,2.6,0,-0.2,0,95.8,0,3.7,0,986.6,0
2021,1,14,50,76.61,0,0,4.1,0,2.6,0,-0.2,0,95.7,0,4.2,0,986.6,0
2021,1,14,51,76.47,0,0,4.5,0,2.8,0,-0.2,0,95.7,0,4.5,0,986.6,0
2021,1,14,52,76.34,0,0,4.8,0,2.9,0,-0.2,0,95.7,0,4.4,0,986.5,0
2021,1,14,53,76.21,0,0,4.1,0,2.6,0,-0.2,0,95.6,0,4.7,0,986.5,0
2021,1,14,54,76.08,0,0,4.1,0,2.5,0,-0.2,0,95.6,0,4.2,0,986.7,0
2021,1,14,55,75.95,0,0,4.4,0,2.7,0,-0.2,0,95.6,0,3.8,0,986.8,0
2021,1,14,56,75.82,0,0,6.3,0,3.8,0,-0.2,0,95.6,0,3.7,0,986.6,0
2021,1,14,57,75.7,0,0,7.3,0,4.4,0,-0.2,0,95.6,0,3.8,0,986.5,0
2021,1,14,58,75.57,0,0,7.6,0,4.5,0,-0.2,0,95.6,0,4,0,986.4,0
2021,1,14,59,75.44,0,0,5.3,0,3.1,0,-0.2,0,95.5,0,4.2,0,986.5,0
2021,1,15,0,75.31,0,0,4.9,0,3,0,-0.3,0,95.6,0,3.9,0,986.7,0
2021,1,15,1,75.19,0,0,5.2,0,3.1,0,-0.2,0,95.7,0,3.4,0,986.6,0
2021,1,15,2,75.06,0,0,6.4,0,3.9,0,-0.2,0,95.7,0,3.4,0,986.4,0
2021,1,15,3,74.93,0,0,6.7,0,4,0,-0.2,0,95.8,0,3.8,0,986.2,0
2021,1,15,4,74.81,0,0,8,0,4.9,0,-0.2,0,95.8,0,3.7,0,986,0
2021,1,15,5,74.68,0,0,8,0,4.7,0,-0.2,0,95.8,0,3.9,0,985.9,0
2021,1,15,6,74.56,0,0,6.8,0,4.1,0,-0.2,0,95.8,0,4.8,0,985.9,0
2021,1,15,7,74.44,0,0,7,0,4.1,0,-0.3,0,95.8,0,3.8,0,985.9,0
2021,1,15,8,74.31,0,0,6.3,0,3.6,0,-0.3,0,95.9,0,3.8,0,985.9,0
2021,1,15,9,74.19,0,0,5.8,0,3.4,0,-0.2,0,95.9,0,3.2,0,986,0
2021,1,15,10,74.07,0,0,5.9,0,3.5,0,-0.2,0,96,0,3.6,0,986,0
2021,1,15,11,73.94,0,0,5.5,0,3.3,0,-0.2,0,96,0,2.8,0,986.2,0
2021,1,15,12,73.82,0,0,4.8,0,3,0,-0.2,0,96.1,0,2.9,0,986.3,0
2021,1,15,13,73.7,0,0,5,0,3.1,0,-0.2,0,96.1,0,3,0,986.3,0
2021,1,15,14,73.58,0,0,6,0,3.6,0,-0.2,0,96.1,0,3,0,986.2,0
2021,1,15,15,73.46,0,0,7,0,4.2,0,-0.2,0,96.1,0,3.3,0,986.1,0
2021,1,15,16,73.34,0,0,7,0,4.1,0,-0.2,0,96.1,0,3.2,0,986.1,0
2021,1,15,17,73.22,0,0,5.5,0,3.2,0,-0.2,0,96.2,0,3.4,0,986.1,0
2021,1,15,18,73.11,0,0,4.8,0,2.9,0,-0.2,0,96.2,0,2.9,0,986.4,0
2021,1,15,19,72.99,0,0,5.6,0,3.4,0,-0.2,0,96.2,0,2.2,0,986.6,0
2021,1,15,20,72.87,0,0,5.6,0,3.4,0,-0.2,0,96.2,0,2.7,0,986.7,0
2021,1,15,21,72.76,0,0,6.1,0,3.6,0,-0.2,0,96.2,0,2.2,0,986.7,0
2021,1,15,22,72.64,0,0,6.7,0,4,0,-0.2,0,96.3,0,1.9,0,986.7,0
2021,1,15,23,72.52,0,0,6.6,0,3.8,0,-0.2,0,96.2,0,2.5,0,986.8,0
2021,1,15,24,72.41,0,0,6.4,0,3.7,0,-0.2,0,96.2,0,2.7,0,986.8,0
2021,1,15,25,72.3,0,0,6.4,0,3.6,0,-0.2,0,96.2,0,2.3,0,986.8,0
2021,1,15,26,72.18,0,0,6.7,0,3.9,0,-0.1,0,96.3,0,2.1,0,986.8,0
2021,1,15,27,72.07,0,0,7.9,0,4.7,0,-0.1,0,96.3,0,2.3,0,986.7,0
2021,1,15,28,71.96,0,0,8.9,0,5.1,0,-0.1,0,96.3,0,2.2,0,986.7,0
2021,1,15,29,71.84,0,0,8.9,0,5.1,0,-0.1,0,96.3,0,2.3,0,986.7,0
2021,1,15,30,71.73,0,0,8.6,0,4.9,0,-0.1,0,96.3,0,2.5,0,986.7,0
2021,1,15,31,71.62,0,0,7.9,0,4.6,0,-0.1,0,96.3,0,2.5,0,986.7,0
2021,1,15,32,71.51,0,0,7.5,0,4.4,0,-0.1,0,96.3,0,2.5,0,986.7,0
2021,1,15,33,71.4,0,0,9,0,5.3,0,-0.1,0,96.3,0,2.1,0,986.7,0
2021,1,15,34,71.29,0,0,9,0,5.2,0,-0.1,0,96.3,0,2.2,0,986.7,0
2021,1,15,35,71.18,0,0,10.5,0,6.2,0,-0.1,0,96.3,0,2.2,0,986.6,0
2021,1,15,36,71.08,0,0,13.2,0,7.6,0,-0.1,0,96.3,0,2.3,0,986.5,0
2021,1,15,37,70.97,0,0,12.7,0,7.2,0,-0.1,0,96.3,0,2.3,0,986.4,0
2021,1,15,38,70.86,0,0,11.3,0,6.6,0,-0.1,0,96.3,0,2.2,0,986.4,0
2021,1,15,39,70.76,0,0,12.2,0,7,0,-0.1,0,96.3,0,2.5,0,986.4,0
2021,1,15,40,70.65,0,0,15.6,0,8.7,0,-0.1,0,96.3,0,2.5,0,986.4,0
2021,1,15,41,70.54,0,0,18.4,0,10.1,0,-0.1,0,96.3,0,2.6,0,986.3,0
2021,1,15,42,70.44,0,0,19.6,0,10.4,0,-0.1,0,96.4,0,2.5,0,986.2,0
2021,1,15,43,70.34,0,0,22.4,0,12.1,0,-0.1,0,96.4,0,2.1,0,986.3,0
2021,1,15,44,70.23,0.1,0,28.3,0,14.8,0,-0.1,0,96.4,0,2.5,0,986.2,0
2021,1,15,45,70.13,0,0,28.4,0,14.7,0,-0.1,0,96.3,0,2.5,0,986.2,0
2021,1,15,46,70.03,0,0,25.1,0,13.1,0,-0.1,0,96.4,0,2.3,0,986.3,0
2021,1,15,47,69.93,0.1,0,25.4,0,13.3,0,-0.1,0,96.4,0,2.2,0,986.4,0
2021,1,15,48,69.83,0.1,0,21.8,0,11.3,0,0,0,96.3,0,2.3,0,986.4,0
2021,1,15,49,69.73,0.1,0,17.8,0,9.3,0,0,0,96.4,0,2,0,986.5,0
2021,1,15,50,69.63,0.1,0,17.5,0,9.4,0,0,0,96.4,0,2.1,0,986.5,0
2021,1,15,51,69.53,0.3,0,19.7,0,10.6,0,0,0,96.3,0,2.6,0,986.4,0
2021,1,15,52,69.43,0.2,0,22.5,0,11.9,0,0,0,96.3,0,2.6,0,986.2,0
2021,1,15,53,69.33,0.2,0,20.2,0,10.8,0,0,0,96.3,0,2.3,0,986.2,0
2021,1,15,54,69.23,0.2,0,18.6,0,10.1,0,0,0,96.3,0,2.3,0,986.2,0
2021,1,15,55,69.14,0.1,0,14.9,0,8.2,0,0,0,96.3,0,2.1,0,986.3,0
2021,1,15,56,69.04,0.1,0,13.6,0,7.6,0,0,0,96.3,0,2.2,0,986.3,0
2021,1,15,57,68.95,0.2,0,13.3,0,7.5,0,0,0,96.3,0,1.8,0,986.4,0
2021,1,15,58,68.85,0.3,0,14.9,0,8.4,0,0,0,96.3,0,1.8,0,986.4,0
2021,1,15,59,68.76,0.4,0,17.9,0,9.8,0,0,0,96.3,0,1.6,0,986.3,0
2021,1,16,0,68.67,0.4,0,21.8,0,11.8,0,0,0,96.3,0,1.8,0,986.2,0
2021,1,16,1,68.57,0.4,0,25.4,0,13.7,0,0,0,96.3,0,1.9,0,986.1,0
2021,1,16,2,68.48,0.4,0,27,0,14.4,0,0,0,96.3,0,1.8,0,986.1,0
2021,1,16,3,68.39,0.4,0,27.1,0,14.3,0,0,0,96.3,0,1.8,0,986.1,0
2021,1,16,4,68.3,0.4,0,24.3,0,12.8,0,0,0,96.3,0,1.9,0,986.2,0
2021,1,16,5,68.21,0.4,0,23.9,0,12.6,0,0,0,96.3,0,2.1,0,986.1,0
2021,1,16,6,68.12,0.4,0,24.6,0,13.1,0,0,0,96.3,0,1.9,0,986.1,0
2021,1,16,7,68.03,0.4,0,28.8,0,15.3,0,0,0,96.3,0,1.7,0,986.1,0
2021,1,16,8,67.95,0.4,0,30.3,0,15.7,0,0,0,96.3,0,1.9,0,986.1,0
2021,1,16,9,67.86,0.4,0,32,0,16.8,0,0,0,96.3,0,2,0,986.2,0
2021,1,16,10,67.77,0.4,0,33.8,0,17.4,0,0,0,96.3,0,2,0,986.2,0
2021,1,16,11,67.69,0.4,0,35.9,0,18.5,0,0.1,0,96.3,0,1.9,0,986.2,0
2021,1,16,12,67.6,0.4,0,37.7,0,19.4,0,0.1,0,96.3,0,2.1,0,986.2,0
2021,1,16,13,67.52,0.4,0,34.8,0,17.8,0,0.1,0,96.3,0,2.1,0,986.2,0
2021,1,16,14,67.43,0.4,0,34.9,0,17.9,0,0.1,0,96.3,0,1.7,0,986.3,0
2021,1,16,15,67.35,0.4,0,33.1,0,16.9,0,0.1,0,96.2,0,1.4,0,986.4,0
2021,1,16,16,67.27,0.4,0,33.6,0,17.5,0,0.1,0,96.2,0,1.2,0,986.4,0
2021,1,16,17,67.19,0.4,0,37.9,0,19.5,0,0.1,0,96.2,0,1.4,0,986.3,0
2021,1,16,18,67.11,0.6,0,41.3,0,21.1,0,0.1,0,96.2,0,1.8,0,986.2,0
2021,1,16,19,67.03,0.8,0,45.6,0,23.3,0,0.1,0,96.2,0,1.8,0,986.2,0
2021,1,16,20,66.95,0.8,0,56.9,0,29.2,0,0.1,0,96.2,0,2,0,986.1,0
2021,1,16,21,66.87,0.8,0,65.6,0,32.6,0,0.1,0,96.2,0,1.6,0,986.1,0
2021,1,16,22,66.79,0.8,0,67.7,0,33.4,0,0.1,0,96.2,0,1.5,0,986,0
2021,1,16,23,66.71,1,0,79.6,0,39.5,0,0.1,0,96.2,0,1.7,0,985.9,0
2021,1,16,24,66.63,1.2,0,82.4,0,39.7,0,0.1,0,96.2,0,1.6,0,985.9,0
2021,1,16,25,66.56,1.2,0,75.8,0,36.5,0,0.1,0,96.2,0,1.6,0,985.8,0
2021,1,16,26,66.48,1.2,0,70.1,0,33.9,0,0.1,0,96.2,0,1.9,0,985.7,0
2021,1,16,27,66.41,1.2,0,69,0,34.4,0,0.1,0,96.2,0,2.2,0,985.7,0
2021,1,16,28,66.34,1.2,0,78,0,39.1,0,0.1,0,96.2,0,1.8,0,985.6,0
2021,1,16,29,66.26,1.2,0,90.3,0,44,0,0.1,0,96.2,0,1.6,0,985.6,0
2021,1,16,30,66.19,1.2,0,92.6,0,44.6,0,0.1,0,96.2,0,1.5,0,985.6,0
2021,1,16,31,66.12,1.2,0,96.3,0,46.6,0,0.1,0,96.2,0,1.8,0,985.5,0
2021,1,16,32,66.05,1.2,0,102.4,0,48.7,0,0.1,0,96.2,0,1.9,0,985.5,0
2021,1,16,33,65.98,1.2,0,98,0,46.5,0,0.1,0,96.1,0,2,0,985.4,0
2021,1,16,34,65.91,1.2,0,92.9,0,44.7,0,0.1,0,96.1,0,2,0,985.4,0
2021,1,16,35,65.84,1.2,0,104.3,0,50.9,0,0.1,0,96.1,0,2.4,0,985.4,0
2021,1,16,36,65.77,1.2,0,108.2,0,52.1,0,0.2,0,96.1,0,2,0,985.3,0
2021,1,16,37,65.71,1.2,0,94.1,0,45.5,0,0.2,0,96.1,0,1.8,0,985.4,0
2021,1,16,38,65.64,1.2,0,91.1,0,44.6,0,0.2,0,96,0,1.9,0,985.3,0
2021,1,16,39,65.57,1.2,0,88.5,0,43.5,0,0.2,0,96,0,1.8,0,985.3,0
2021,1,16,40,65.51,1.2,0,84.9,0,41.4,0,0.1,0,96,0,1.9,0,985.3,0
2021,1,16,41,65.45,1.2,0,81.9,0,40.4,0,0.1,0,96,0,1.9,0,985.3,0
2021,1,16,42,65.38,1.2,0,78.9,0,39.5,0,0.1,0,96,0,1.7,0,985.3,0
2021,1,16,43,65.32,1.1,0,76.6,0,38,0,0.1,0,96,0,1.7,0,985.3,0
2021,1,16,44,65.26,0.8,0,81,0,40.6,0,0.1,0,96,0,2,0,985.2,0
2021,1,16,45,65.2,0.8,0,81.2,0,40.3,0,0.1,0,96,0,1.9,0,985.1,0
2021,1,16,46,65.14,0.7,0,87.9,0,43.6,0,0.1,0,96.1,0,2,0,985,0
2021,1,16,47,65.08,0.4,0,81.8,0,40.4,0,0.1,0,96.1,0,1.9,0,985,0
2021,1,16,48,65.02,0.4,0,77.7,0,38.7,0,0.1,0,96.1,0,2.2,0,984.9,0
2021,1,16,49,64.96,0.4,0,68.5,0,33.9,0,0.1,0,96.1,0,2.4,0,984.9,0
2021,1,16,50,64.9,0.4,0,66.8,0,33.7,0,0.1,0,96.1,0,2.2,0,984.9,0
2021,1,16,51,64.85,0.4,0,64.3,0,32.1,0,0.1,0,96.2,0,1.7,0,984.9,0
2021,1,16,52,64.79,0.4,0,56.3,0,28.7,0,0.1,0,96.2,0,1.8,0,985,0
2021,1,16,53,64.74,0.4,0,52.4,0,26.8,0,0.1,0,96.2,0,1.7,0,985,0
2021,1,16,54,64.68,0.4,0,48.8,0,25.5,0,0.1,0,96.2,0,1.8,0,985,0
2021,1,16,55,64.63,0.4,0,46.6,0,24.2,0,0.1,0,96.2,0,1.9,0,985,0
2021,1,16,56,64.58,0.4,0,45,0,23.6,0,0.1,0,96.3,0,1.7,0,985,0
2021,1,16,57,64.53,0.4,0,47.6,0,24.9,0,0.1,0,96.3,0,1.3,0,984.9,0
2021,1,16,58,64.48,0.4,0,48.1,0,25.2,0,0.1,0,96.3,0,1.4,0,984.9,0
2021,1,16,59,64.43,0.4,0,51.9,0,27.3,0,0.1,0,96.3,0,1.6,0,984.9,0
2021,1,17,0,64.38,0.4,0,55.7,0,28.8,0,0.1,0,96.3,0,1.9,0,984.9,0
2021,1,17,1,64.33,0.4,0,54.5,0,28.1,0,0.1,0,96.3,0,1.4,0,984.9,0
2021,1,17,2,64.28,0.4,0,53.6,0,27.3,0,0.1,0,96.4,0,1.6,0,984.9,0
2021,1,17,3,64.23,0.4,0,48.9,0,25.4,0,0.1,0,96.4,0,1.6,0,984.9,0
2021,1,17,4,64.19,0.4,0,49.8,0,25.4,0,0.1,0,96.4,0,1.7,0,984.9,0
2021,1,17,5,64.14,0.4,0,49.6,0,25.7,0,0.1,0,96.4,0,1.6,0,984.8,0
2021,1,17,6,64.1,0.4,0,47.4,0,24.7,0,0.1,0,96.4,0,1.9,0,984.8,0
2021,1,17,7,64.06,0.4,0,45,0,23.5,0,0.1,0,96.4,0,2,0,984.8,0
2021,1,17,8,64.01,0.4,0,45.4,0,23.7,0,0.1,0,96.4,0,1.6,0,984.8,0
2021,1,17,9,63.97,0.4,0,42.5,0,22.3,0,0.1,0,96.4,0,1.8,0,984.8,0
2021,1,17,10,63.93,0.4,0,42.8,0,22.4,0,0.1,0,96.4,0,1.6,0,984.8,0
2021,1,17,11,63.89,0.4,0,50,0,26.1,0,0.1,0,96.4,0,1.6,0,984.8,0
2021,1,17,12,63.85,0.4,0,53.5,0,27.8,0,0.1,0,96.4,0,1.7,0,984.7,0
2021,1,17,13,63.81,0.4,0,58.1,0,30.1,0,0.1,0,96.4,0,1.6,0,984.7,0
2021,1,17,14,63.78,0.4,0,68.7,0,35.2,0,0.1,0,96.4,0,1.7,0,984.7,0
2021,1,17,15,63.74,0.4,0,78.4,0,39.6,0,0.1,0,96.4,0,1.8,0,984.6,0
2021,1,17,16,63.7,0.4,0,75.7,0,38.2,0,0.1,0,96.4,0,1.5,0,984.6,0
2021,1,17,17,63.67,0.4,0,69.7,0,34.8,0,0.1,0,96.4,0,1.4,0,984.6,0
2021,1,17,18,63.63,0.4,0,63.8,0,32.3,0,0.1,0,96.5,0,1.2,0,984.6,0
2021,1,17,19,63.6,0.4,0,60.4,0,31,0,0.1,0,96.5,0,1.3,0,984.7,0
2021,1,17,20,63.57,0.4,0,66.7,0,34.1,0,0.1,0,96.5,0,1.6,0,984.6,0
2021,1,17,21,63.53,0.4,0,70.1,0,35.6,0,0.1,0,96.4,0,1.5,0,984.5,0
2021,1,17,22,63.5,0.4,0,58.9,0,29.8,0,0.1,0,96.5,0,1.2,0,984.5,0
2021,1,17,23,63.47,0.4,0,61,0,31.9,0,0.1,0,96.5,0,1.4,0,984.4,0
2021,1,17,24,63.44,0.4,0,67.1,0,34.7,0,0.1,0,96.5,0,1.6,0,984.4,0
2021,1,17,25,63.42,0.4,0,69,0,35.1,0,0.1,0,96.5,0,1.2,0,984.4,0
2021,1,17,26,63.39,0.4,0,60.5,0,31.2,0,0.1,0,96.5,0,1.3,0,984.3,0
2021,1,17,27,63.36,0.4,0,54.9,0,28,0,0.1,0,96.5,0,1.4,0,984.3,0
2021,1,17,28,63.34,0.4,0,52.4,0,26.8,0,0.1,0,96.5,0,1.4,0,984.2,0
2021,1,17,29,63.31,0.4,0,58.6,0,30.1,0,0.1,0,96.6,0,1.2,0,984.2,0
2021,1,17,30,63.29,0.4,0,55.6,0,28.3,0,0.1,0,96.6,0,1.4,0,984.2,0
2021,1,17,31,63.26,0.4,0,56.8,0,29.3,0,0.1,0,96.6,0,1.2,0,984.2,0
2021,1,17,32,63.24,0.4,0,55.7,0,28.7,0,0.1,0,96.6,0,1.5,0,984.2,0
2021,1,17,33,63.22,0.4,0,53.7,0,27.6,0,0.1,0,96.6,0,1.4,0,984.2,0
2021,1,17,34,63.2,0.4,0,51.3,0,26.5,0,0.1,0,96.6,0,1.5,0,984.1,0
2021,1,17,35,63.18,0.4,0,46.5,0,24.4,0,0.1,0,96.6,0,1.6,0,984.1,0
2021,1,17,36,63.16,0.4,0,49.5,0,25.8,0,0.1,0,96.6,0,1.6,0,984.1,0
2021,1,17,37,63.14,0.4,0,51.8,0,27.3,0,0.1,0,96.7,0,1.4,0,984,0
2021,1,17,38,63.12,0.4,0,58.1,0,30.2,0,0.1,0,96.7,0,1.2,0,984,0
2021,1,17,39,63.11,0.4,0,64,0,33.3,0,0.1,0,96.7,0,1.5,0,984,0
2021,1,17,40,63.09,0.4,0,61.5,0,31.1,0,0.1,0,96.7,0,1.4,0,983.9,0
2021,1,17,41,63.07,0.4,0,55.5,0,28.8,0,0.1,0,96.7,0,1.8,0,983.9,0
2021,1,17,42,63.06,0.4,0,52.1,0,27.1,0,0.1,0,96.7,0,1.3,0,983.9,0
2021,1,17,43,63.05,0.4,0,57.8,0,30.6,0,0.1,0,96.8,0,1.4,0,983.9,0
2021,1,17,44,63.04,0.4,0,62.3,0,32.6,0,0.1,0,96.8,0,1.4,0,983.9,0
2021,1,17,45,63.02,0.4,0,69.4,0,36.1,0,0.1,0,96.8,0,1.4,0,983.8,0
2021,1,17,46,63.01,0.4,0,73.4,0,38,0,0.1,0,96.8,0,1.6,0,983.7,0
2021,1,17,47,63,0.4,0,67.8,0,34.7,0,0.1,0,96.8,0,1.3,0,983.7,0
2021,1,17,48,62.99,0.4,0,63.2,0,32.8,0,0.1,0,96.8,0,1.3,0,983.7,0
2021,1,17,49,62.99,0.4,0,58,0,30.4,0,0.1,0,96.8,0,1.3,0,983.6,0
2021,1,17,50,62.98,0.4,0,52.1,0,27.1,0,0.1,0,96.8,0,1.3,0,983.6,0
2021,1,17,51,62.97,0.4,0,52.7,0,28.1,0,0.1,0,96.8,0,1.3,0,983.5,0
2021,1,17,52,62.97,0.4,0,59.2,0,31.4,0,0.1,0,96.8,0,1.5,0,983.5,0
2021,1,17,53,62.96,0.4,0,72.9,0,38.6,0,0.1,0,96.8,0,1.7,0,983.4,0
2021,1,17,54,62.96,0.4,0,81.8,0,42.2,0,0.1,0,96.8,0,1.6,0,983.3,0
2021,1,17,55,62.96,0.4,0,82.6,0,41.6,0,0.1,0,96.9,0,1.6,0,983.3,0
2021,1,17,56,62.95,0.4,0,70.3,0,35.4,0,0.1,0,96.9,0,1.3,0,983.2,0
2021,1,17,57,62.95,0.4,0,63.3,0,32.5,0,0.1,0,96.9,0,1.2,0,983.2,0
2021,1,17,58,62.95,0.4,0,65.8,0,34.2,0,0.1,0,96.9,0,1.4,0,983.2,0
2021,1,17,59,62.95,0.4,0,74.5,0,38,0,0.1,0,96.9,0,1.2,0,983.2,0
2021,1,18,0,62.95,0.4,0,74.6,0,38.8,0,0.1,0,96.9,0,1.4,0,983.1,0
2021,1,18,1,62.96,0.4,0,78.3,0,39.9,0,0.1,0,96.9,0,1.4,0,983.1,0
2021,1,18,2,62.96,0.4,0,82.9,0,42.8,0,0.1,0,96.9,0,1.4,0,983.1,0
2021,1,18,3,62.96,0.4,0,76.6,0,38.7,0,0.1,0,96.9,0,1.5,0,983.1,0
2021,1,18,4,62.97,0.4,0,77,0,39.7,0,0.1,0,96.9,0,1.5,0,983.1,0
2021,1,18,5,62.97,0.4,0,75,0,38.5,0,0.1,0,96.9,0,1.6,0,983,0
2021,1,18,6,62.98,0.4,0,72.2,0,37,0,0.1,0,97,0,1.6,0,983,0
2021,1,18,7,62.99,0.4,0,64.2,0,32.8,0,0.1,0,97,0,1.3,0,983,0
2021,1,18,8,63,0.4,0,71,0,37.4,0,0.1,0,97,0,1.3,0,983.1,0
2021,1,18,9,63.01,0.4,0,77.6,0,40.2,0,0.1,0,97,0,1.3,0,983.1,0
2021,1,18,10,63.02,0.4,0,87.8,0,45.4,0,0.1,0,97,0,1.2,0,983,0
2021,1,18,11,63.03,0.4,0,85.7,0,43.7,0,0.1,0,97,0,1.4,0,983,0
2021,1,18,12,63.04,0.4,0,82.4,0,42.4,0,0.1,0,97,0,1,0,983,0
2021,1,18,13,63.05,0.4,0,77.7,0,39.9,0,0.1,0,97,0,1.1,0,983,0
2021,1,18,14,63.07,0.4,0,85.3,0,44.2,0,0.1,0,97,0,1.3,0,982.9,0
2021,1,18,15,63.08,0.4,0,93.3,0,47.6,0,0.1,0,97,0,1.1,0,982.9,0
2021,1,18,16,63.09,0.4,0,82.5,0,41.6,0,0.1,0,97,0,1.3,0,982.9,0
2021,1,18,17,63.11,0.4,0,79.7,0,40.9,0,0.1,0,97.1,0,1,0,982.9,0
2021,1,18,18,63.13,0.4,0,81.6,0,41.9,0,0.1,0,97.1,0,1,0,982.9,0
2021,1,18,19,63.15,0.4,0,80.5,0,41.7,0,0.1,0,97,0,1.1,0,982.9,0
2021,1,18,20,63.16,0.4,0,77.6,0,40,0,0.1,0,97.1,0,1,0,982.9,0
2021,1,18,21,63.18,0.4,0,75.2,0,38.9,0,0.1,0,97.1,0,1,0,982.9,0
2021,1,18,22,63.2,0.4,0,68.6,0,35.7,0,0.1,0,97.1,0,1.3,0,982.9,0
2021,1,18,23,63.22,0.4,0,67.5,0,35.2,0,0.1,0,97.1,0,1.4,0,982.8,0
2021,1,18,24,63.25,0.7,0,82.1,0,43.6,0,0.1,0,97.1,0,1.2,0,982.8,0
2021,1,18,25,63.27,0.8,0,102,0,53,0,0.1,0,97.1,0,1.2,0,982.8,0
2021,1,18,26,63.29,0.6,0,123.5,0,63.4,0,0.1,0,97.1,0,1.2,0,982.7,0
2021,1,18,27,63.32,0.5,0,111.3,0,56,0,0.1,0,97.1,0,1.2,0,982.7,0
2021,1,18,28,63.34,0.4,0,98.2,0,49.8,0,0.1,0,97.1,0,1,0,982.7,0
2021,1,18,29,63.37,0.4,0,93.6,0,47,0,0.1,0,97.2,0,1.1,0,982.6,0
2021,1,18,30,63.4,0.4,0,100.9,0,51.6,0,0.1,0,97.1,0,1,0,982.5,0
2021,1,18,31,63.42,0.4,0,108,0,54.8,0,0.1,0,97.1,0,1.2,0,982.3,0
2021,1,18,32,63.45,0.4,0,104.7,0,53,0,0.1,0,97.1,0,1.3,0,982.3,0
2021,1,18,33,63.48,0.4,0,104.7,0,53.8,0,0.1,0,97.1,0,1.4,0,982.2,0
2021,1,18,34,63.51,0.4,0,103.2,0,51.8,0,0.1,0,97.1,0,1.3,0,982.1,0
2021,1,18,35,63.54,0.4,0,98.7,0,50.2,0,0.1,0,97.2,0,1.4,0,982.1,0
2021,1,18,36,63.58,0.4,0,98.5,0,50.1,0,0.1,0,97.2,0,1.2,0,982,0
2021,1,18,37,63.61,0.4,0,91.1,0,46.3,0,0.1,0,97.2,0,1.2,0,981.9,0
2021,1,18,38,63.64,0.4,0,86.4,0,44.5,0,0.1,0,97.2,0,1.2,0,981.9,0
2021,1,18,39,63.68,0.4,0,80,0,41,0,0.1,0,97.2,0,1.3,0,981.8,0
2021,1,18,40,63.71,0.4,0,77.2,0,39.4,0,0.1,0,97.2,0,1.4,0,981.8,0
2021,1,18,41,63.75,0.4,0,77.1,0,39.3,0,0.1,0,97.2,0,1.1,0,981.8,0
2021,1,18,42,63.79,0.4,0,77.2,0,39.6,0,0.1,0,97.3,0,1.2,0,981.8,0
2021,1,18,43,63.82,0.4,0,80.4,0,41.4,0,0.1,0,97.2,0,1.2,0,981.8,0
2021,1,18,44,63.86,0.4,0,87.8,0,45.1,0,0.1,0,97.3,0,1.3,0,981.8,0
2021,1,18,45,63.9,0.4,0,77.9,0,39.3,0,0.1,0,97.3,0,1.1,0,981.8,0
2021,1,18,46,63.94,0.4,0,67.4,0,34.7,0,0.1,0,97.3,0,1.1,0,981.8,0
2021,1,18,47,63.99,0.4,0,68.4,0,35.6,0,0.1,0,97.3,0,1.2,0,981.7,0
2021,1,18,48,64.03,0.4,0,75.7,0,39.6,0,0.1,0,97.2,0,1.4,0,981.7,0
2021,1,18,49,64.07,0.4,0,83.5,0,43.2,0,0.1,0,97.3,0,1.2,0,981.7,0
2021,1,18,50,64.11,0.4,0,76.2,0,38.9,0,0.1,0,97.3,0,1.3,0,981.7,0
2021,1,18,51,64.16,0.4,0,68,0,34.7,0,0.1,0,97.3,0,1.3,0,981.8,0
2021,1,18,52,64.2,0.4,0,62.2,0,32.4,0,0.1,0,97.3,0,1.2,0,981.8,0
2021,1,18,53,64.25,0.4,0,67.9,0,35.5,0,0.1,0,97.3,0,1.2,0,981.7,0
2021,1,18,54,64.3,0.4,0,67.4,0,34.7,0,0.1,0,97.3,0,1.1,0,981.8,0
2021,1,18,55,64.34,0.4,0,53.7,0,27.9,0,0.1,0,97.3,0,0.8,0,981.8,0
2021,1,18,56,64.39,0.4,0,47.7,0,24.8,0,0.2,0,97.3,0,1,0,981.8,0
2021,1,18,57,64.44,0.4,0,44.4,0,23.5,0,0.2,0,97.3,0,0.9,0,981.7,0
2021,1,18,58,64.49,0.4,0,47.2,0,25.4,0,0.2,0,97.3,0,1,0,981.7,0
2021,1,18,59,64.54,0.4,0,47.7,0,25.7,0,0.2,0,97.3,0,1,0,981.7,0
2021,1,19,0,64.59,0.4,0,53.8,0,29,0,0.2,0,97.3,0,0.9,0,981.7,0
2021,1,19,1,64.65,0.4,0,60.1,0,31.9,0,0.2,0,97.3,0,0.9,0,981.7,0
2021,1,19,2,64.7,0.4,0,56.6,0,29.4,0,0.2,0,97.3,0,1,0,981.7,0
2021,1,19,3,64.75,0.4,0,50.3,0,26.5,0,0.2,0,97.3,0,1.1,0,981.6,0
2021,1,19,4,64.81,0.4,0,50.5,0,26.6,0,0.2,0,97.3,0,1.1,0,981.6,0
2021,1,19,5,64.87,0.4,0,45,0,23.4,0,0.2,0,97.3,0,1,0,981.5,0
2021,1,19,6,64.92,0.4,0,38.2,0,20.2,0,0.2,0,97.3,0,1.2,0,981.6,0
2021,1,19,7,64.98,0.4,0,34.2,0,18.5,0,0.2,0,97.3,0,0.9,0,981.6,0
2021,1,19,8,65.04,0.4,0,34,0,18.7,0,0.2,0,97.3,0,1,0,981.7,0
2021,1,19,9,65.1,0.4,0,33.8,0,18.4,0,0.2,0,97.3,0,1,0,981.8,0
2021,1,19,10,65.16,0.4,0,32,0,17.7,0,0.2,0,97.3,0,1.1,0,981.9,0
2021,1,19,11,65.22,0.4,0,31.8,0,17.7,0,0.2,0,97.3,0,1,0,981.8,0
2021,1,19,12,65.28,0.4,0,33.9,0,18.8,0,0.2,0,97.3,0,0.9,0,981.9,0
2021,1,19,13,65.34,0.4,0,36.6,0,20,0,0.2,0,97.3,0,0.9,0,981.9,0
2021,1,19,14,65.4,0.4,0,35.8,0,19.8,0,0.2,0,97.4,0,0.9,0,981.9,0
2021,1,19,15,65.47,0.4,0,40.7,0,22.2,0,0.2,0,97.4,0,0.9,0,981.9,0
2021,1,19,16,65.53,0.4,0,46.7,0,25.8,0,0.2,0,97.4,0,0.9,0,981.8,0
2021,1,19,17,65.59,0.4,0,53.3,0,28.5,0,0.2,0,97.4,0,0.9,0,981.8,0
2021,1,19,18,65.66,0.4,0,48.9,0,25.3,0,0.2,0,97.4,0,1,0,981.8,0
2021,1,19,19,65.73,0.4,0,41.1,0,21.7,0,0.2,0,97.4,0,0.7,0,981.7,0
2021,1,19,20,65.79,0.4,0,40.9,0,21.6,0,0.2,0,97.4,0,1,0,981.7,0
2021,1,19,21,65.86,0.4,0,38.6,0,20.9,0,0.2,0,97.4,0,0.9,0,981.7,0
2021,1,19,22,65.93,0.4,0,43.7,0,24.1,0,0.2,0,97.4,0,1.2,0,981.6,0
2021,1,19,23,66,0.4,0,60.3,0,32.9,0,0.2,0,97.4,0,1,0,981.5,0
2021,1,19,24,66.07,0.4,0,73.2,0,38.5,0,0.2,0,97.4,0,1,0,981.3,0
2021,1,19,25,66.14,0.4,0,84.7,0,43.6,0,0.2,0,97.4,0,1.3,0,981.3,0
2021,1,19,26,66.21,0.5,0,90.6,0,46.3,0,0.2,0,97.4,0,1,0,981.3,0
2021,1,19,27,66.29,0.8,0,111.1,0,56.4,0,0.2,0,97.5,0,0.9,0,981.3,0
2021,1,19,28,66.36,0.6,0,121.2,0,59.6,0,0.2,0,97.5,0,1,0,981.2,0
2021,1,19,29,66.43,0.4,0,90.6,0,44.4,0,0.2,0,97.4,0,0.9,0,981.2,0
2021,1,19,30,66.51,0.4,0,78.2,0,38.6,0,0.2,0,97.4,0,0.8,0,981.2,0
2021,1,19,31,66.58,0.4,0,73.5,0,36.8,0,0.2,0,97.4,0,1,0,981.2,0
2021,1,19,32,66.66,0.4,0,79.8,0,40.3,0,0.2,0,97.4,0,0.9,0,981.1,0
2021,1,19,33,66.74,0.4,0,86.1,0,42.3,0,0.2,0,97.4,0,1,0,981,0
2021,1,19,34,66.81,0.6,0,82.9,0,41.3,0,0.2,0,97.4,0,1,0,981,0
2021,1,19,35,66.89,0.4,0,80.9,0,40,0,0.2,0,97.4,0,1.1,0,980.9,0
2021,1,19,36,66.97,0.4,0,80.3,0,39.9,0,0.2,0,97.4,0,0.9,0,981,0
2021,1,19,37,67.05,0.4,0,70.5,0,34.8,0,0.2,0,97.5,0,0.9,0,981,0
2021,1,19,38,67.13,0.4,0,61.5,0,30.8,0,0.2,0,97.5,0,0.6,0,981.1,0
2021,1,19,39,67.21,0.4,0,64.9,0,32.5,0,0.2,0,97.5,0,0.5,0,981,0
2021,1,19,40,67.29,0.4,0,60.8,0,30.4,0,0.2,0,97.5,0,0.7,0,980.9,0
2021,1,19,41,67.38,0.4,0,62.6,0,31.8,0,0.2,0,97.5,0,0.9,0,980.9,0
2021,1,19,42,67.46,0.4,0,70.2,0,35.4,0,0.2,0,97.5,0,1.2,0,980.9,0
2021,1,19,43,67.54,0.4,0,70.8,0,35.4,0,0.2,0,97.5,0,1.2,0,980.9,0
2021,1,19,44,67.63,0.4,0,73.8,0,36.8,0,0.2,0,97.5,0,1.6,0,980.8,0
2021,1,19,45,67.71,0.4,0,71.1,0,34.9,0,0.2,0,97.5,0,1.4,0,980.8,0
2021,1,19,46,67.8,0.4,0,62.7,0,30.7,0,0.2,0,97.5,0,1.4,0,980.8,0
2021,1,19,47,67.89,0.4,0,54.2,0,26.6,0,0.2,0,97.5,0,1.3,0,981,0
2021,1,19,48,67.97,0.4,0,54.2,0,27.3,0,0.2,0,97.6,0,0.8,0,981.2,0
2021,1,19,49,68.06,0.4,0,64.4,0,32.3,0,0.2,0,97.6,0,0.9,0,981.1,0
2021,1,19,50,68.15,0.4,0,67.3,0,33,0,0.2,0,97.6,0,0.9,0,981,0
2021,1,19,51,68.24,0.4,0,64.9,0,31.8,0,0.2,0,97.6,0,1.1,0,981,0
2021,1,19,52,68.33,0.4,0,66.7,0,32.9,0,0.2,0,97.6,0,1.2,0,980.9,0
2021,1,19,53,68.42,0.5,0,62.5,0,30.1,0,0.2,0,97.6,0,1.3,0,980.9,0
2021,1,19,54,68.51,0.5,0,57.1,0,28,0,0.2,0,97.6,0,1.1,0,980.9,0
2021,1,19,55,68.6,0.4,0,59,0,29,0,0.3,0,97.6,0,1,0,980.9,0
2021,1,19,56,68.69,0.4,0,56.7,0,27.7,0,0.2,0,97.6,0,1,0,980.9,0
2021,1,19,57,68.79,0.4,0,53.9,0,26.8,0,0.3,0,97.6,0,0.8,0,980.9,0
2021,1,19,58,68.88,0.4,0,49.5,0,24,0,0.3,0,97.6,0,1.1,0,980.9,0
2021,1,19,59,68.98,0.4,0,34.7,0,17,0,0.2,0,97.6,0,1,0,980.9,0
2021,1,20,0,69.07,0.4,0,30.3,0,15.5,0,0.2,0,97.6,0,0.9,0,980.9,0
2021,1,20,1,69.17,0.4,0,35.4,0,18,0,0.2,0,97.6,0,0.9,0,980.9,0
2021,1,20,2,69.26,0.4,0,37.9,0,19.1,0,0.2,0,97.6,0,0.9,0,980.9,0
2021,1,20,3,69.36,0.4,0,43.7,0,22.1,0,0.2,0,97.6,0,0.9,0,980.8,0
2021,1,20,4,69.46,0.4,0,46.1,0,22.7,0,0.2,0,97.7,0,0.8,0,980.8,0
2021,1,20,5,69.56,0.4,0,41.1,0,20.2,0,0.2,0,97.7,0,0.8,0,980.8,0
2021,1,20,6,69.66,0.4,0,43.5,0,22,0,0.2,0,97.7,0,0.9,0,980.8,0
2021,1,20,7,69.76,0.4,0,48.6,0,23.8,0,0.2,0,97.7,0,0.9,0,980.8,0
2021,1,20,8,69.86,0.4,0,46.4,0,22.6,0,0.3,0,97.7,0,0.7,0,980.8,0
2021,1,20,9,69.96,0.4,0,46.1,0,22.9,0,0.3,0,97.7,0,0.8,0,980.8,0
2021,1,20,10,70.06,0.4,0,55.3,0,27.3,0,0.3,0,97.7,0,1,0,980.8,0
2021,1,20,11,70.16,0.4,0,60.2,0,29,0,0.3,0,97.7,0,0.8,0,980.7,0
2021,1,20,12,70.27,0.4,0,58.9,0,28.5,0,0.3,0,97.7,0,1,0,980.7,0
2021,1,20,13,70.37,0.4,0,56.1,0,27.4,0,0.3,0,97.7,0,0.9,0,980.8,0
2021,1,20,14,70.47,0.4,0,55.8,0,27.4,0,0.3,0,97.7,0,1,0,980.8,0
2021,1,20,15,70.58,0.4,0,54.5,0,26.5,0,0.3,0,97.7,0,1,0,980.8,0
2021,1,20,16,70.68,0.4,0,47.8,0,23.4,0,0.3,0,97.7,0,1,0,980.8,0
2021,1,20,17,70.79,0.4,0,45.5,0,22.7,0,0.3,0,97.7,0,1,0,980.8,0
2021,1,20,18,70.89,0.4,0,46.5,0,23.3,0,0.2,0,97.7,0,1.3,0,980.7,0
2021,1,20,19,71,0.4,0,48.5,0,24.1,0,0.2,0,97.7,0,1.1,0,980.7,0
2021,1,20,20,71.11,0.4,0,53.2,0,26.2,0,0.3,0,97.7,0,1,0,980.6,0
2021,1,20,21,71.22,0.4,0,62.4,0,30.4,0,0.2,0,97.7,0,1.2,0,980.6,0
2021,1,20,22,71.33,0.4,0,72.2,0,34.6,0,0.3,0,97.8,0,1.1,0,980.5,0
2021,1,20,23,71.44,0.4,0,75.3,0,35.6,0,0.2,0,97.8,0,0.9,0,980.4,0
2021,1,20,24,71.54,0.4,0,68.4,0,32.2,0,0.3,0,97.8,0,1,0,980.4,0
2021,1,20,25,71.66,0.4,0,59.7,0,28.3,0,0.3,0,97.8,0,1,0,980.4,0
2021,1,20,26,71.77,0.4,0,55.3,0,26.5,0,0.3,0,97.8,0,1.2,0,980.4,0
2021,1,20,27,71.88,0.4,0,53,0,25.8,0,0.3,0,97.8,0,1,0,980.4,0
2021,1,20,28,71.99,0.4,0,50.5,0,24.4,0,0.3,0,97.8,0,1.2,0,980.4,0
2021,1,20,29,72.1,0.4,0,44.5,0,21.4,0,0.3,0,97.8,0,1.1,0,980.5,0
2021,1,20,30,72.22,0.4,0,37.5,0,18.2,0,0.3,0,97.8,0,0.9,0,980.5,0
2021,1,20,31,72.33,0.4,0,33.7,0,16.5,0,0.3,0,97.8,0,1.2,0,980.5,0
2021,1,20,32,72.45,0.4,0,30.4,0,15,0,0.3,0,97.8,0,1.2,0,980.5,0
2021,1,20,33,72.56,0.4,0,29.3,0,14.6,0,0.3,0,97.8,0,1,0,980.5,0
2021,1,20,34,72.68,0.4,0,28.7,0,14.4,0,0.3,0,97.8,0,0.8,0,980.5,0
2021,1,20,35,72.79,0.4,0,26.9,0,13.3,0,0.3,0,97.8,0,0.9,0,980.5,0
2021,1,20,36,72.91,0.4,0,25.2,0,12.6,0,0.3,0,97.8,0,1,0,980.5,0
2021,1,20,37,73.03,0.4,0,26.7,0,13.4,0,0.3,0,97.8,0,1,0,980.5,0
2021,1,20,38,73.14,0.4,0,24.3,0,12.1,0,0.3,0,97.9,0,0.9,0,980.5,0
2021,1,20,39,73.26,0.4,0,20.7,0,10.5,0,0.3,0,97.9,0,1,0,980.5,0
2021,1,20,40,73.38,0.4,0,23.6,0,12.1,0,0.3,0,97.9,0,1.1,0,980.5,0
2021,1,20,41,73.5,0.4,0,28.9,0,14.6,0,0.3,0,97.9,0,1,0,980.5,0
2021,1,20,42,73.62,0.4,0,32.6,0,16.3,0,0.3,0,97.9,0,1.3,0,980.5,0
2021,1,20,43,73.74,0.4,0,34,0,16.7,0,0.3,0,97.9,0,1.1,0,980.6,0
2021,1,20,44,73.86,0.4,0,34.2,0,16.6,0,0.3,0,97.9,0,0.9,0,980.7,0
2021,1,20,45,73.98,0.4,0,33.3,0,16.3,0,0.3,0,97.9,0,0.8,0,980.7,0
2021,1,20,46,74.1,0.4,0,33.9,0,16.7,0,0.3,0,97.9,0,0.8,0,980.7,0
2021,1,20,47,74.23,0.7,0,36.1,0,17.8,0,0.3,0,97.9,0,0.9,0,980.6,0
2021,1,20,48,74.35,0.8,0,35.3,0,17.2,0,0.3,0,97.9,0,0.1,0,980.6,0
2021,1,20,49,74.47,0.8,0,35,0,17,0,0.3,0,97.9,0,0,0,980.5,0
2021,1,20,50,74.6,0.8,0,33.2,0,16.2,0,0.3,0,97.9,0,0,0,980.5,0
2021,1,20,51,74.72,0.6,0,32.1,0,15.6,0,0.3,0,97.9,0,-9999.9,1,980.5,0
2021,1,20,52,74.85,0.7,0,29.9,0,14.6,0,0.3,0,97.9,0,0,0,980.5,0
2021,1,20,53,74.97,0.8,0,28.6,0,14,0,0.3,0,98,0,0,0,980.5,0
2021,1,20,54,75.1,0.6,0,27.1,0,13.2,0,0.3,0,98,0,-9999.9,1,980.5,0
2021,1,20,55,75.22,0.4,0,26.7,0,13.1,0,0.3,0,98,0,0,0,980.5,0
2021,1,20,56,75.35,0.4,0,26.1,0,12.8,0,0.3,0,98,0,0,0,980.5,0
2021,1,20,57,75.48,0.4,0,26.3,0,12.9,0,0.3,0,98,0,0,0,980.5,0
2021,1,20,58,75.61,0.4,0,25.3,0,12.5,0,0.3,0,98,0,0,0,980.4,0
2021,1,20,59,75.73,0.4,0,24.2,0,11.9,0,0.3,0,98,0,0,0,980.4,0
2021,1,21,0,75.86,0.4,0,23.8,0,11.9,0,0.3,0,98,0,0,0,980.5,0
2021,1,21,1,75.99,0.4,0,22.4,0,11,0,0.3,0,98,0,0,0,980.5,0
2021,1,21,2,76.12,0.4,0,23.1,0,11.5,0,0.3,0,98,0,0,0,980.5,0
2021,1,21,3,76.25,0.4,0,23.9,0,11.7,0,0.3,0,98,0,0.1,0,980.4,0
2021,1,21,4,76.38,0.6,0,21.9,0,10.7,0,0.3,0,98,0,0,0,980.4,0
2021,1,21,5,76.51,0.8,0,21.5,0,10.7,0,0.3,0,98,0,0.1,0,980.5,0
2021,1,21,6,76.65,0.8,0,20.7,0,10.3,0,0.3,0,98.1,0,0,0,980.5,0
2021,1,21,7,76.78,0.7,0,20.9,0,10.3,0,0.3,0,98.1,0,0,0,980.5,0
2021,1,21,8,76.91,0.8,0,21.3,0,10.4,0,0.3,0,98.1,0,0,0,980.5,0
2021,1,21,9,77.04,0.8,0,21.1,0,10.3,0,0.3,0,98,0,0.1,0,980.5,0
2021,1,21,10,77.18,0.8,0,20.8,0,10.1,0,0.3,0,98,0,0,0,980.5,0
2021,1,21,11,77.31,0.8,0,19.1,0,9.3,0,0.3,0,98.1,0,0,0,980.5,0
2021,1,21,12,77.45,0.7,0,18.6,0,9.1,0,0.3,0,98.1,0,0,0,980.5,0
2021,1,21,13,77.58,0.5,0,19.1,0,9.5,0,0.3,0,98.1,0,0,0,980.5,0
2021,1,21,14,77.71,0.5,0,19.9,0,9.7,0,0.3,0,98.1,0,0,0,980.5,0
2021,1,21,15,77.85,0.6,0,17.6,0,8.6,0,0.3,0,98.1,0,0,0,980.5,0
2021,1,21,16,77.99,0.8,0,16.2,0,8.2,0,0.3,0,98.1,0,0,0,980.4,0
2021,1,21,17,78.12,0.6,0,16.7,0,8.3,0,0.3,0,98.1,0,0,0,980.4,0
2021,1,21,18,78.26,0.4,0,15.7,0,7.8,0,0.3,0,98.1,0,0,0,980.5,0
2021,1,21,19,78.4,0.4,0,16.4,0,8.1,0,0.3,0,98.1,0,0,0,980.5,0
2021,1,21,20,78.53,0.4,0,14.4,0,7,0,0.3,0,98.1,0,0,0,980.5,0
2021,1,21,21,78.67,0.4,0,12.8,0,6.3,0,0.3,0,98.1,0,0,0,980.5,0
2021,1,21,22,78.81,0.4,0,11.9,0,6,0,0.3,0,98.1,0,0,0,980.5,0
2021,1,21,23,78.95,0.4,0,13.7,0,6.9,0,0.3,0,98.1,0,0,0,980.5,0
2021,1,21,24,79.09,0.4,0,16.2,0,8,0,0.3,0,98.1,0,0,0,980.5,0
2021,1,21,25,79.23,0.4,0,18.7,0,9,0,0.3,0,98.1,0,-9999.9,1,980.5,0
2021,1,21,26,79.37,0.4,0,18.5,0,8.6,0,0.3,0,98.2,0,-9999.9,1,980.5,0
2021,1,21,27,79.51,0.4,0,14.6,0,6.9,0,0.3,0,98.2,0,0,0,980.6,0
2021,1,21,28,79.65,0.4,0,10.7,0,5.4,0,0.3,0,98.2,0,0,0,980.7,0
2021,1,21,29,79.79,0.4,0,9.4,0,4.8,0,0.3,0,98.2,0,0,0,980.7,0
2021,1,21,30,79.93,0.4,0,8.6,0,4.4,0,0.3,0,98.2,0,-9999.9,1,980.7,0
2021,1,21,31,80.07,0.4,0,9.3,0,4.8,0,0.3,0,98.2,0,-9999.9,1,980.8,0
2021,1,21,32,80.22,0.4,0,11,0,5.5,0,0.3,0,98.2,0,-9999.9,1,980.8,0
2021,1,21,33,80.36,0.4,0,12.3,0,6.1,0,0.3,0,98.2,0,0,0,980.8,0
2021,1,21,34,80.5,0.4,0,13.3,0,6.3,0,0.3,0,98.2,0,-9999.9,1,980.8,0
2021,1,21,35,80.65,0.4,0,11.8,0,5.5,0,0.3,0,98.2,0,-9999.9,1,980.8,0
2021,1,21,36,80.79,0.4,0,11.2,0,5.1,0,0.3,0,98.2,0,-9999.9,1,980.8,0
2021,1,21,37,80.93,0.4,0,11.8,0,5.8,0,0.3,0,98.2,0,-9999.9,1,980.8,0
2021,1,21,38,81.08,0.4,0,13.3,0,6.4,0,0.3,0,98.2,0,-9999.9,1,980.8,0
2021,1,21,39,81.22,0.4,0,12.2,0,5.8,0,0.3,0,98.3,0,-9999.9,1,980.8,0
2021,1,21,40,81.37,0.4,0,12.4,0,6,0,0.3,0,98.2,0,-9999.9,1,980.8,0
2021,1,21,41,81.51,0.4,0,13.4,0,6.3,0,0.3,0,98.3,0,-9999.9,1,980.8,0
2021,1,21,42,81.66,0.4,0,13.4,0,6.3,0,0.3,0,98.3,0,-9999.9,1,980.8,0
2021,1,21,43,81.8,0.4,0,13,0,6.3,0,0.3,0,98.2,0,-9999.9,1,980.8,0
2021,1,21,44,81.95,0.4,0,12.7,0,6,0,0.3,0,98.2,0,-9999.9,1,980.7,0
2021,1,21,45,82.1,0.8,0,13.5,0,6.5,0,0.3,0,98.2,0,-9999.9,1,980.7,0
2021,1,21,46,82.25,0.8,0,14.6,0,7,0,0.3,0,98.3,0,-9999.9,1,980.7,0
2021,1,21,47,82.39,0.8,0,14.5,0,6.8,0,0.3,0,98.3,0,-9999.9,1,980.7,0
2021,1,21,48,82.54,0.8,0,15.6,0,7.4,0,0.3,0,98.3,0,-9999.9,1,980.7,0
2021,1,21,49,82.69,0.5,0,18.5,0,8.7,0,0.3,0,98.3,0,-9999.9,1,980.7,0
2021,1,21,50,82.84,0.6,0,21.4,0,9.8,0,0.3,0,98.3,0,-9999.9,1,980.7,0
2021,1,21,51,82.98,0.7,0,21.6,0,9.7,0,0.3,0,98.3,0,-9999.9,1,980.7,0
2021,1,21,52,83.13,0.6,0,21.3,0,9.5,0,0.3,0,98.3,0,-9999.9,1,980.7,0
2021,1,21,53,83.28,0.7,0,19.9,0,8.9,0,0.3,0,98.3,0,-9999.9,1,980.7,0
2021,1,21,54,83.43,0.8,0,18.8,0,8.4,0,0.3,0,98.4,0,-9999.9,1,980.7,0
2021,1,21,55,83.58,0.8,0,17.2,0,7.6,0,0.3,0,98.4,0,-9999.9,1,980.7,0
2021,1,21,56,83.73,0.6,0,15.4,0,6.9,0,0.3,0,98.4,0,-9999.9,1,980.7,0
2021,1,21,57,83.88,0.5,0,12.9,0,5.9,0,0.3,0,98.4,0,-9999.9,1,980.7,0
2021,1,21,58,84.03,0.6,0,10.6,0,5,0,0.3,0,98.4,0,-9999.9,1,980.7,0
2021,1,21,59,84.18,0.7,0,9.7,0,4.7,0,0.3,0,98.4,0,-9999.9,1,980.7,0
2021,1,22,0,84.33,0.7,0,9.6,0,4.6,0,0.3,0,98.4,0,-9999.9,1,980.7,0
2021,1,22,1,84.48,0.7,0,8.7,0,4.2,0,0.3,0,98.4,0,-9999.9,1,980.8,0
2021,1,22,2,84.63,0.8,0,6.8,0,3.3,0,0.3,0,98.4,0,-9999.9,1,980.8,0
2021,1,22,3,84.78,0.7,0,5.8,0,2.9,0,0.3,0,98.4,0,-9999.9,1,980.8,0
2021,1,22,4,84.93,0.5,0,4.4,0,2.3,0,0.3,0,98.4,0,-9999.9,1,980.9,0
2021,1,22,5,85.09,0.4,0,3.2,0,1.7,0,0.3,0,98.4,0,-9999.9,1,980.9,0
2021,1,22,6,85.24,0.6,0,2.6,0,1.5,0,0.3,0,98.4,0,-9999.9,1,980.9,0
2021,1,22,7,85.39,0.6,0,2.6,0,1.5,0,0.3,0,98.4,0,-9999.9,1,980.9,0
2021,1,22,8,85.54,0.5,0,2.6,0,1.5,0,0.3,0,98.4,0,-9999.9,1,980.9,0
2021,1,22,9,85.69,0.4,0,2.8,0,1.6,0,0.3,0,98.4,0,-9999.9,1,980.9,0
2021,1,22,10,85.84,0.4,0,3.4,0,1.7,0,0.3,0,98.4,0,-9999.9,1,980.9,0
2021,1,22,11,85.99,0.4,0,3.4,0,1.8,0,0.3,0,98.4,0,-9999.9,1,980.9,0
2021,1,22,12,86.15,0.4,0,3.4,0,1.8,0,0.3,0,98.4,0,-9999.9,1,980.9,0
2021,1,22,13,86.3,0.4,0,3.6,0,1.9,0,0.3,0,98.4,0,-9999.9,1,981,0
2021,1,22,14,86.45,0.4,0,4.1,0,1.9,0,0.3,0,98.5,0,-9999.9,1,981,0
2021,1,22,15,86.6,0.4,0,4.6,0,2.2,0,0.3,0,98.5,0,-9999.9,1,980.9,0
2021,1,22,16,86.75,0.4,0,4.8,0,2.3,0,0.3,0,98.4,0,-9999.9,1,980.9,0
2021,1,22,17,86.9,0.4,0,4.8,0,2.3,0,0.2,0,98.5,0,-9999.9,1,980.9,0
2021,1,22,18,87.05,0.4,0,4.8,0,2.3,0,0.3,0,98.5,0,-9999.9,1,980.9,0
2021,1,22,19,87.2,0.4,0,4.8,0,2.2,0,0.3,0,98.5,0,-9999.9,1,980.9,0
2021,1,22,20,87.35,0.4,0,4.8,0,2.3,0,0.3,0,98.5,0,-9999.9,1,980.9,0
2021,1,22,21,87.5,0.5,0,4.8,0,2.3,0,0.3,0,98.5,0,-9999.9,1,980.9,0
2021,1,22,22,87.65,0.7,0,5.4,0,2.3,0,0.3,0,98.5,0,-9999.9,1,980.9,0
2021,1,22,23,87.8,0.7,0,5.6,0,2.5,0,0.3,0,98.5,0,-9999.9,1,980.9,0
2021,1,22,24,87.95,0.8,0,5.6,0,2.6,0,0.3,0,98.5,0,-9999.9,1,980.9,0
2021,1,22,25,88.1,0.7,0,5.6,0,2.3,0,0.3,0,98.5,0,-9999.9,1,980.9,0
2021,1,22,26,88.24,0.5,0,5.5,0,2.2,0,0.3,0,98.5,0,-9999.9,1,981,0
2021,1,22,27,88.39,0.5,0,4.7,0,1.9,0,0.3,0,98.5,0,-9999.9,1,981,0
2021,1,22,28,88.53,0.4,0,3.8,0,1.5,0,0.3,0,98.5,0,-9999.9,1,981,0
2021,1,22,29,88.68,0.4,0,3.1,0,1.2,0,0.3,0,98.6,0,-9999.9,1,981,0
2021,1,22,30,88.82,0.4,0,2.5,0,1,0,0.3,0,98.6,0,-9999.9,1,981.1,0
2021,1,22,31,88.96,0.4,0,1.9,0,0.8,0,0.3,0,98.5,0,-9999.9,1,981.1,0
2021,1,22,32,89.09,0.5,0,1.9,0,0.8,0,0.3,0,98.5,0,-9999.9,1,981.1,0
2021,1,22,33,89.23,0.7,0,1.9,0,0.8,0,0.3,0,98.5,0,-9999.9,1,981,0
2021,1,22,34,89.36,0.8,0,1.6,0,0.8,0,0.3,0,98.5,0,-9999.9,1,981,0
2021,1,22,35,89.49,0.8,0,1.1,0,0.8,0,0.3,0,98.5,0,-9999.9,1,981,0
2021,1,22,36,89.62,0.8,0,1.1,0,0.5,0,0.3,0,98.5,0,-9999.9,1,981.1,0
2021,1,22,37,89.74,0.8,0,1.1,0,0.4,0,0.3,0,98.5,0,-9999.9,1,981.1,0
2021,1,22,38,89.86,0.8,0,0.5,0,0.4,0,0.3,0,98.5,0,-9999.9,1,981.1,0
2021,1,22,39,89.97,0.8,0,0.4,0,0.4,0,0.3,0,98.5,0,-9999.9,1,981.1,0
2021,1,22,40,90.89,0.8,0,0.4,0,0.4,0,0.3,0,98.5,0,-9999.9,1,981.2,0
2021,1,22,41,91.06,0.8,0,0.4,0,0.4,0,0.3,0,98.5,0,-9999.9,1,981.1,0
2021,1,22,42,91.23,0.8,0,0.4,0,0.4,0,0.3,0,98.5,0,-9999.9,1,981.2,0
2021,1,22,43,91.39,0.8,0,0.4,0,0.4,0,0.3,0,98.5,0,-9999.9,1,981.2,0
2021,1,22,44,91.56,0.8,0,0.4,0,0.2,0,0.3,0,98.6,0,-9999.9,1,981.3,0
2021,1,22,45,91.73,0.7,0,0.4,0,0.1,0,0.3,0,98.6,0,-9999.9,1,981.4,0
2021,1,22,46,91.89,0.5,0,0.4,0,0,0,0.3,0,98.6,0,-9999.9,1,981.4,0
2021,1,22,47,92.06,0.4,0,0.4,0,0,0,0.3,0,98.5,0,-9999.9,1,981.4,0
2021,1,22,48,92.23,0.5,0,0.4,0,0,0,0.4,0,98.6,0,-9999.9,1,981.5,0
2021,1,22,49,92.4,0.6,0,0.4,0,0,0,0.4,0,98.6,0,-9999.9,1,981.6,0
2021,1,22,50,92.57,0.6,0,0.4,0,0,0,0.4,0,98.6,0,-9999.9,1,981.7,0
2021,1,22,51,92.74,0.8,0,0.4,0,0,0,0.4,0,98.6,0,-9999.9,1,981.8,0
2021,1,22,52,92.9,0.8,0,0.4,0,0,0,0.4,0,98.5,0,-9999.9,1,981.8,0
2021,1,22,53,93.07,0.8,0,0.4,0,0,0,0.4,0,98.4,0,-9999.9,1,981.9,0
2021,1,22,54,93.24,0.8,0,0.4,0,0,0,0.4,0,98.4,0,-9999.9,1,981.9,0
2021,1,22,55,93.41,0.8,0,0.4,0,0,0,0.3,0,98.4,0,-9999.9,1,981.9,0
2021,1,22,56,93.58,0.8,0,0.4,0,0,0,0.3,0,98.5,0,-9999.9,1,981.9,0
2021,1,22,57,93.75,0.8,0,0.2,0,0,0,0.3,0,98.5,0,-9999.9,1,981.8,0
2021,1,22,58,93.92,0.8,0,0.2,0,0,0,0.3,0,98.5,0,-9999.9,1,981.7,0
2021,1,22,59,94.09,0.8,0,0.2,0,0,0,0.3,0,98.5,0,-9999.9,1,981.7,0
2021,1,23,0,94.27,0.8,0,0,0,0,0,0.3,0,98.6,0,-9999.9,1,981.6,0
2021,1,23,1,94.44,0.5,0,0,0,0,0,0.3,0,98.6,0,-9999.9,1,981.5,0
2021,1,23,2,94.61,0.5,0,0,0,0,0,0.3,0,98.6,0,-9999.9,1,981.4,0
2021,1,23,3,94.78,0.6,0,-0.2,0,0,0,0.3,0,98.6,0,-9999.9,1,981.4,0
2021,1,23,4,94.95,0.5,0,-0.3,0,0,0,0.3,0,98.6,0,-9999.9,1,981.4,0
2021,1,23,5,95.12,0.4,0,-0.3,0,0,0,0.3,0,98.6,0,-9999.9,1,981.4,0
2021,1,23,6,95.3,0.4,0,0,0,0,0,0.3,0,98.6,0,-9999.9,1,981.5,0
2021,1,23,7,95.47,0.4,0,0,0,0,0,0.3,0,98.5,0,-9999.9,1,981.6,0
2021,1,23,8,95.64,0.4,0,0,0,0,0,0.3,0,98.6,0,-9999.9,1,981.7,0
2021,1,23,9,95.81,0.4,0,0,0,0,0,0.3,0,98.6,0,-9999.9,1,981.6,0
2021,1,23,10,95.99,0.4,0,0,0,0,0,0.3,0,98.6,0,-9999.9,1,981.5,0
2021,1,23,11,96.16,0.4,0,0,0,0,0,0.3,0,98.6,0,-9999.9,1,981.5,0
2021,1,23,12,96.33,0.4,0,0,0,0,0,0.3,0,98.6,0,-9999.9,1,981.5,0
2021,1,23,13,96.51,0.4,0,0,0,0,0,0.3,0,98.6,0,-9999.9,1,981.5,0
2021,1,23,14,96.68,0.4,0,0,0,0,0,0.3,0,98.6,0,-9999.9,1,981.6,0
2021,1,23,15,96.86,0.4,0,0,0,0,0,0.3,0,98.6,0,-9999.9,1,981.6,0
2021,1,23,16,97.03,0.4,0,0,0,0,0,0.2,0,98.7,0,-9999.9,1,981.6,0
2021,1,23,17,97.21,0.4,0,0,0,0,0,0.2,0,98.7,0,-9999.9,1,981.6,0
2021,1,23,18,97.38,0.4,0,0,0,0,0,0.2,0,98.7,0,-9999.9,1,981.6,0
2021,1,23,19,97.56,0.4,0,0,0,0,0,0.2,0,98.7,0,-9999.9,1,981.5,0
2021,1,23,20,97.73,0.4,0,0,0,0,0,0.2,0,98.7,0,-9999.9,1,981.5,0
2021,1,23,21,97.91,0.4,0,0,0,0,0,0.2,0,98.7,0,-9999.9,1,981.5,0
2021,1,23,22,98.08,0.4,0,0,0,0,0,0.2,0,98.7,0,-9999.9,1,981.5,0
2021,1,23,23,98.26,0.4,0,0,0,0,0,0.2,0,98.7,0,-9999.9,1,981.6,0
2021,1,23,24,98.43,0.4,0,0,0,0,0,0.2,0,98.7,0,-9999.9,1,981.7,0
2021,1,23,25,98.61,0.4,0,0,0,0,0,0.2,0,98.7,0,-9999.9,1,981.7,0
2021,1,23,26,98.79,0.4,0,0,0,0,0,0.2,0,98.7,0,-9999.9,1,981.7,0
2021,1,23,27,98.96,0.4,0,0,0,0,0,0.2,0,98.8,0,-9999.9,1,981.7,0
2021,1,23,28,99.14,0.4,0,0,0,0,0,0.2,0,98.8,0,-9999.9,1,981.7,0
2021,1,23,29,99.32,0.4,0,0,0,0,0,0.3,0,98.8,0,-9999.9,1,981.6,0
2021,1,23,30,99.49,0.4,0,0,0,0,0,0.3,0,98.8,0,-9999.9,1,981.5,0
2021,1,23,31,99.67,0.4,0,0,0,0,0,0.2,0,98.7,0,-9999.9,1,981.5,0
2021,1,23,32,99.85,0.4,0,0,0,0,0,0.2,0,98.7,0,-9999.9,1,981.5,0
2021,1,23,33,100.03,0.4,0,0,0,0,0,0.3,0,98.7,0,-9999.9,1,981.6,0
2021,1,23,34,100.21,0.4,0,0,0,0,0,0.2,0,98.7,0,-9999.9,1,981.6,0
2021,1,23,35,100.38,0.4,0,0,0,0,0,0.2,0,98.7,0,-9999.9,1,981.6,0
2021,1,23,36,100.56,0.4,0,0,0,0,0,0.2,0,98.7,0,-9999.9,1,981.6,0
2021,1,23,37,100.74,0.4,0,0,0,0,0,0.2,0,98.8,0,-9999.9,1,981.7,0
2021,1,23,38,100.92,0.6,0,0,0,0,0,0.2,0,98.7,0,-9999.9,1,981.7,0
2021,1,23,39,101.1,0.6,0,0,0,0,0,0.2,0,98.7,0,-9999.9,1,981.6,0
2021,1,23,40,101.28,0.4,0,0,0,0,0,0.2,0,98.7,0,-9999.9,1,981.6,0
2021,1,23,41,101.46,0.4,0,0,0,0,0,0.2,0,98.7,0,-9999.9,1,981.6,0
2021,1,23,42,101.64,0.4,0,0,0,0,0,0.2,0,98.8,0,-9999.9,1,981.7,0
2021,1,23,43,101.81,0.5,0,0,0,0,0,0.2,0,98.8,0,-9999.9,1,981.7,0
2021,1,23,44,101.99,0.8,0,0,0,0,0,0.2,0,98.8,0,-9999.9,1,981.7,0
2021,1,23,45,102.17,0.8,0,0,0,0,0,0.2,0,98.8,0,-9999.9,1,981.7,0
2021,1,23,46,102.35,0.8,0,0,0,0,0,0.2,0,98.8,0,-9999.9,1,981.7,0
2021,1,23,47,102.53,0.8,0,0,0,0,0,0.2,0,98.8,0,-9999.9,1,981.7,0
2021,1,23,48,102.71,0.8,0,0,0,0,0,0.2,0,98.8,0,-9999.9,1,981.7,0
2021,1,23,49,102.9,0.8,0,-0.2,0,0,0,0.2,0,98.8,0,-9999.9,1,981.7,0
2021,1,23,50,103.08,0.8,0,-0.2,0,0,0,0.2,0,98.8,0,-9999.9,1,981.7,0
2021,1,23,51,103.26,0.8,0,-0.1,0,0,0,0.2,0,98.8,0,-9999.9,1,981.7,0
2021,1,23,52,103.44,0.8,0,0,0,0,0,0.2,0,98.8,0,-9999.9,1,981.7,0
2021,1,23,53,103.62,0.8,0,0,0,0,0,0.2,0,98.8,0,-9999.9,1,981.7,0
2021,1,23,54,103.8,0.8,0,-0.1,0,0,0,0.2,0,98.9,0,-9999.9,1,981.6,0
2021,1,23,55,103.98,0.8,0,-0.1,0,0,0,0.2,0,98.9,0,-9999.9,1,981.6,0
2021,1,23,56,104.16,0.8,0,0,0,0,0,0.2,0,98.9,0,-9999.9,1,981.6,0
2021,1,23,57,104.35,0.8,0,-0.1,0,0,0,0.2,0,98.9,0,-9999.9,1,981.6,0
2021,1,23,58,104.53,0.7,0,-0.2,0,0,0,0.2,0,98.9,0,-9999.9,1,981.5,0
2021,1,23,59,104.71,0.8,0,-0.2,0,0,0,0.2,0,98.9,0,-9999.9,1,981.5,0
